{
    "initial_path": {
        "length": 158227.7843192167,
        "vertices": [68, 34, 86, 29, 25, 8, 35, 76, 15, 72, 67, 65, 51, 84, 24, 45, 18, 44, 83, 26, 92, 40, 16, 89, 78, 58, 3, 10, 62, 97, 13, 55, 60, 46, 64, 2, 33, 81, 14, 12, 31, 1, 99, 91, 66, 88, 87, 80, 98, 95, 49, 21, 71, 47, 59, 94, 43, 39, 11, 38, 79, 20, 70, 82, 54, 63, 4, 50, 56, 42, 69, 96, 85, 61, 75, 52, 57, 22, 32, 6, 53, 19, 0, 7, 23, 36, 28, 30, 73, 9, 37, 27, 41, 48, 77, 5, 90, 74, 17, 93, 68]
    },
    "solutions": [
        {
            "algorithm_name": "opt-2",
            "path": {
                "length": 22807.02194150463,
                "vertices": [68, 48, 42, 98, 67, 95, 73, 81, 10, 78, 86, 75, 56, 31, 27, 58, 65, 0, 12, 93, 15, 97, 33, 60, 1, 36, 45, 46, 30, 94, 82, 49, 23, 18, 52, 22, 8, 90, 38, 79, 17, 84, 51, 3, 11, 32, 21, 20, 99, 40, 72, 70, 19, 25, 43, 44, 35, 54, 92, 5, 87, 88, 77, 37, 47, 7, 83, 39, 74, 66, 57, 71, 24, 55, 96, 80, 29, 26, 14, 16, 4, 91, 69, 13, 28, 62, 64, 76, 34, 50, 2, 89, 61, 53, 9, 63, 6, 85, 59, 41, 68]
            },
            "time": 9115300
        },
        {
            "algorithm_name": "opt-3",
            "path": {
                "length": 21137.03219124908,
                "vertices": [68, 41, 59, 63, 85, 6, 23, 49, 82, 94, 30, 46, 45, 36, 1, 60, 33, 97, 15, 93, 12, 0, 65, 86, 58, 27, 31, 56, 75, 10, 81, 73, 95, 78, 67, 98, 61, 89, 2, 50, 34, 76, 64, 62, 28, 13, 69, 91, 4, 16, 14, 80, 96, 55, 3, 24, 71, 57, 66, 74, 39, 83, 7, 47, 37, 77, 88, 87, 20, 5, 92, 54, 35, 21, 32, 11, 99, 44, 43, 40, 25, 19, 70, 72, 17, 84, 51, 29, 26, 79, 38, 90, 8, 22, 52, 18, 9, 53, 42, 48, 68]
            },
            "time": 1002617800
        }]
}