{
    "initial_path": {
        "length": 3736.938404816892,
        "vertices": [15, 54, 1, 42, 14, 4, 30, 38, 48, 27, 23, 6, 44, 40, 12, 22, 60, 17, 18, 0, 49, 43, 3, 36, 45, 68, 31, 13, 33, 58, 19, 47, 55, 51, 41, 62, 61, 67, 8, 56, 39, 25, 2, 29, 46, 26, 10, 32, 35, 21, 9, 5, 20, 57, 59, 69, 66, 64, 16, 63, 24, 28, 34, 11, 7, 53, 37, 52, 50, 65, 15]
    },
    "solutions": [
        {
            "algorithm_name": "opt-2",
            "path": {
                "length": 752.785885996296,
                "vertices": [15, 16, 44, 14, 22, 1, 11, 50, 35, 0, 63, 47, 34, 69, 33, 65, 57, 2, 23, 56, 27, 49, 58, 21, 30, 17, 39, 40, 52, 38, 36, 41, 53, 60, 19, 13, 42, 62, 48, 54, 64, 10, 9, 59, 3, 25, 4, 61, 32, 8, 37, 66, 6, 5, 7, 51, 43, 68, 55, 46, 24, 67, 26, 18, 12, 31, 20, 45, 28, 29, 15]
            },
            "time": 5460500
        },
        {
            "algorithm_name": "opt-3",
            "path": {
                "length": 698.9258241956903,
                "vertices": [15, 29, 28, 45, 31, 12, 18, 26, 3, 59, 9, 25, 4, 10, 61, 43, 51, 7, 32, 8, 64, 54, 48, 62, 13, 19, 60, 42, 37, 66, 6, 5, 40, 52, 38, 36, 41, 53, 58, 49, 21, 69, 33, 65, 34, 47, 63, 0, 35, 50, 11, 57, 2, 23, 56, 27, 30, 17, 39, 22, 1, 14, 44, 16, 24, 46, 55, 68, 67, 20, 15]
            },
            "time": 356478800
        }]
}