{
    "initial_path": {
        "length": 159873.13113687478,
        "vertices": [7, 78, 16, 56, 94, 12, 14, 92, 54, 29, 86, 20, 47, 6, 0, 35, 4, 10, 70, 95, 17, 65, 89, 22, 96, 24, 61, 36, 90, 1, 55, 57, 37, 98, 93, 63, 71, 43, 58, 87, 21, 23, 67, 44, 38, 80, 5, 77, 46, 66, 68, 42, 33, 59, 60, 75, 79, 73, 11, 62, 85, 76, 48, 69, 25, 64, 72, 19, 18, 99, 83, 39, 74, 97, 26, 32, 34, 27, 91, 9, 82, 53, 31, 81, 52, 2, 50, 15, 3, 13, 51, 28, 30, 49, 40, 84, 88, 41, 45, 8, 7]
    },
    "solutions": [
        {
            "algorithm_name": "opt-2",
            "path": {
                "length": 22763.694595961864,
                "vertices": [7, 78, 85, 16, 24, 56, 21, 6, 80, 27, 48, 94, 82, 17, 63, 31, 96, 61, 77, 70, 5, 44, 59, 74, 69, 58, 4, 75, 36, 41, 97, 51, 49, 79, 0, 68, 86, 84, 11, 54, 52, 32, 89, 55, 8, 67, 34, 13, 26, 92, 53, 93, 2, 9, 42, 20, 40, 3, 12, 65, 45, 35, 14, 29, 25, 18, 64, 88, 22, 33, 90, 73, 76, 37, 28, 62, 50, 99, 83, 30, 87, 15, 57, 1, 95, 10, 23, 72, 91, 38, 60, 39, 66, 43, 81, 46, 47, 98, 19, 71, 7]
            },
            "time": 11321000
        },
        {
            "algorithm_name": "opt-3",
            "path": {
                "length": 21983.980844357895,
                "vertices": [7, 71, 91, 72, 60, 66, 39, 38, 19, 98, 47, 46, 81, 43, 99, 50, 62, 28, 37, 90, 22, 88, 20, 42, 93, 53, 92, 26, 40, 3, 12, 65, 13, 8, 55, 89, 32, 52, 54, 2, 9, 11, 86, 68, 0, 84, 79, 49, 51, 97, 41, 36, 75, 4, 58, 59, 44, 5, 70, 77, 61, 96, 69, 74, 31, 67, 34, 45, 35, 14, 63, 17, 82, 94, 48, 27, 80, 6, 21, 25, 29, 18, 64, 33, 73, 76, 30, 83, 87, 15, 57, 1, 95, 10, 23, 56, 24, 16, 85, 78, 7]
            },
            "time": 628640400
        }]
}