{
    "initial_path": {
        "length": 651439.0325544117,
        "vertices": [123, 88, 22, 114, 46, 40, 90, 14, 55, 62, 0, 118, 72, 68, 111, 112, 21, 48, 44, 25, 70, 8, 56, 106, 104, 59, 79, 107, 52, 78, 66, 94, 89, 43, 30, 17, 101, 122, 96, 73, 99, 85, 10, 61, 4, 6, 119, 98, 80, 115, 77, 93, 9, 84, 86, 19, 28, 57, 76, 45, 87, 74, 47, 51, 120, 5, 3, 7, 67, 54, 18, 102, 100, 41, 82, 121, 27, 11, 81, 60, 37, 108, 20, 49, 105, 13, 65, 92, 64, 113, 75, 69, 83, 91, 34, 63, 58, 23, 32, 117, 50, 33, 103, 12, 53, 29, 16, 109, 26, 1, 35, 116, 39, 42, 97, 38, 71, 95, 2, 110, 31, 36, 24, 15, 123]
    },
    "solutions": [
        {
            "algorithm_name": "opt-2",
            "path": {
                "length": 60954.86822889326,
                "vertices": [123, 94, 95, 91, 92, 93, 67, 66, 65, 64, 63, 62, 69, 68, 88, 89, 90, 96, 97, 120, 122, 121, 119, 118, 117, 116, 98, 99, 87, 85, 86, 83, 84, 100, 101, 102, 103, 104, 105, 82, 81, 80, 79, 77, 70, 71, 72, 73, 74, 75, 76, 112, 111, 110, 109, 108, 78, 107, 113, 114, 106, 115, 24, 23, 22, 27, 25, 26, 41, 42, 43, 44, 45, 46, 47, 48, 49, 50, 51, 40, 39, 28, 38, 52, 53, 54, 55, 56, 57, 58, 59, 60, 61, 37, 36, 35, 34, 33, 32, 31, 30, 29, 17, 16, 15, 14, 13, 18, 19, 21, 20, 4, 12, 11, 10, 9, 8, 7, 6, 5, 1, 0, 2, 3, 123]
            },
            "time": 18782300
        },
        {
            "algorithm_name": "opt-3",
            "path": {
                "length": 59921.2297001272,
                "vertices": [123, 122, 121, 119, 118, 117, 116, 120, 94, 95, 91, 92, 93, 67, 66, 65, 64, 63, 62, 69, 68, 88, 89, 90, 96, 97, 87, 98, 99, 85, 86, 83, 84, 100, 101, 82, 81, 102, 103, 104, 105, 106, 80, 79, 78, 77, 70, 71, 72, 73, 74, 75, 76, 112, 111, 110, 109, 108, 107, 113, 114, 115, 22, 27, 23, 24, 25, 26, 41, 42, 43, 44, 45, 46, 47, 48, 49, 50, 51, 40, 39, 28, 38, 52, 53, 54, 55, 56, 57, 58, 59, 60, 61, 37, 36, 35, 34, 33, 32, 31, 30, 29, 17, 16, 15, 14, 13, 12, 11, 10, 9, 8, 7, 6, 5, 1, 0, 18, 19, 21, 20, 4, 2, 3, 123]
            },
            "time": 1158287500
        }]
}