{
    "initial_path": {
        "length": 119943.64991126538,
        "vertices": [92, 75, 82, 87, 99, 91, 40, 76, 39, 15, 54, 57, 97, 50, 49, 29, 100, 32, 81, 101, 14, 64, 95, 43, 10, 80, 16, 65, 67, 66, 21, 88, 46, 93, 19, 48, 41, 25, 17, 30, 61, 86, 44, 20, 51, 42, 8, 33, 69, 23, 1, 63, 13, 74, 79, 26, 47, 28, 35, 38, 73, 36, 31, 24, 84, 60, 70, 53, 62, 71, 18, 77, 37, 22, 55, 96, 2, 72, 4, 90, 59, 11, 9, 12, 52, 78, 83, 45, 103, 89, 94, 104, 5, 0, 27, 7, 85, 34, 58, 56, 68, 98, 6, 102, 3, 92]
    },
    "solutions": [
        {
            "algorithm_name": "opt-2",
            "path": {
                "length": 15959.001566760955,
                "vertices": [92, 85, 80, 75, 72, 82, 83, 84, 81, 74, 73, 50, 67, 63, 62, 59, 58, 54, 53, 55, 64, 71, 76, 79, 78, 77, 70, 68, 69, 60, 61, 57, 56, 65, 66, 86, 87, 90, 91, 98, 95, 93, 94, 89, 88, 51, 96, 99, 104, 0, 5, 9, 10, 8, 7, 12, 13, 34, 35, 41, 47, 42, 17, 16, 21, 22, 28, 27, 23, 20, 19, 24, 26, 31, 33, 36, 37, 46, 45, 40, 49, 48, 44, 43, 39, 38, 32, 30, 29, 25, 18, 15, 14, 11, 52, 6, 3, 4, 1, 103, 2, 102, 100, 97, 101, 92]
            },
            "time": 12366000
        },
        {
            "algorithm_name": "opt-3",
            "path": {
                "length": 14774.409969378514,
                "vertices": [92, 101, 97, 100, 102, 2, 3, 6, 52, 4, 1, 103, 99, 96, 93, 94, 95, 98, 104, 0, 5, 10, 9, 11, 14, 15, 18, 25, 29, 30, 31, 32, 38, 39, 43, 44, 48, 49, 40, 45, 46, 47, 42, 41, 34, 35, 37, 36, 33, 26, 24, 19, 20, 23, 27, 28, 22, 21, 16, 17, 13, 12, 8, 7, 91, 90, 87, 86, 66, 65, 56, 57, 61, 60, 55, 53, 54, 58, 59, 62, 63, 67, 50, 73, 74, 81, 82, 83, 84, 85, 80, 75, 72, 64, 71, 76, 79, 68, 69, 70, 77, 78, 89, 88, 51, 92]
            },
            "time": 706975000
        }]
}