{
    "initial_path": {
        "length": 612544.1761068162,
        "vertices": [11, 20, 104, 38, 102, 27, 50, 119, 2, 85, 108, 91, 74, 24, 89, 12, 121, 110, 28, 26, 120, 72, 7, 82, 101, 31, 46, 1, 98, 84, 77, 44, 16, 93, 125, 14, 117, 68, 124, 13, 45, 0, 80, 9, 62, 105, 86, 34, 55, 33, 47, 92, 99, 114, 115, 96, 49, 36, 5, 32, 57, 4, 61, 39, 8, 53, 64, 18, 22, 69, 118, 116, 29, 43, 6, 126, 66, 76, 70, 73, 60, 10, 65, 94, 25, 59, 90, 103, 56, 42, 40, 52, 113, 111, 51, 30, 83, 48, 87, 81, 78, 123, 41, 37, 97, 15, 23, 35, 19, 95, 67, 107, 109, 71, 54, 75, 3, 63, 21, 122, 106, 88, 100, 112, 17, 58, 79, 11]
    },
    "solutions": [
        {
            "algorithm_name": "opt-2",
            "path": {
                "length": 125923.97043222532,
                "vertices": [11, 4, 9, 10, 81, 84, 80, 85, 83, 78, 44, 87, 86, 67, 82, 8, 71, 3, 122, 123, 125, 124, 27, 26, 52, 72, 69, 42, 41, 70, 64, 79, 65, 113, 76, 51, 73, 56, 50, 74, 66, 36, 121, 0, 49, 61, 40, 25, 28, 35, 1, 2, 118, 110, 116, 112, 54, 111, 109, 30, 48, 47, 43, 63, 34, 33, 59, 31, 29, 39, 108, 107, 117, 120, 57, 119, 60, 115, 68, 114, 98, 103, 99, 100, 104, 77, 75, 94, 90, 93, 106, 97, 105, 102, 101, 91, 58, 95, 92, 96, 88, 89, 16, 15, 13, 12, 14, 53, 20, 17, 62, 18, 19, 37, 38, 126, 55, 32, 45, 24, 23, 22, 21, 46, 7, 6, 5, 11]
            },
            "time": 18067900
        },
        {
            "algorithm_name": "opt-3",
            "path": {
                "length": 122234.03735321159,
                "vertices": [11, 5, 6, 4, 7, 122, 125, 123, 52, 26, 124, 27, 121, 0, 36, 66, 73, 56, 76, 51, 113, 68, 115, 60, 119, 57, 117, 120, 114, 65, 79, 64, 70, 41, 50, 74, 72, 87, 69, 42, 78, 44, 83, 80, 84, 85, 67, 86, 82, 8, 71, 3, 9, 10, 81, 13, 15, 16, 90, 94, 75, 77, 104, 93, 89, 101, 102, 105, 97, 106, 103, 99, 100, 98, 107, 108, 39, 31, 29, 63, 43, 47, 48, 30, 109, 54, 111, 116, 112, 110, 118, 2, 49, 1, 35, 28, 25, 61, 40, 46, 21, 22, 23, 24, 45, 32, 55, 126, 38, 37, 34, 33, 59, 91, 58, 96, 88, 92, 95, 19, 18, 62, 17, 20, 53, 14, 12, 11]
            },
            "time": 1275538800
        }]
}