{
    "initial_path": {
        "length": 161821.7531275909,
        "vertices": [34, 95, 0, 73, 12, 17, 39, 91, 78, 15, 35, 7, 60, 59, 70, 89, 20, 84, 6, 51, 66, 47, 36, 21, 53, 97, 75, 98, 63, 19, 43, 65, 72, 90, 13, 31, 94, 28, 27, 77, 54, 18, 49, 93, 44, 48, 67, 30, 61, 74, 87, 9, 26, 76, 57, 99, 50, 40, 55, 83, 10, 16, 46, 5, 1, 42, 81, 85, 56, 71, 37, 8, 88, 64, 58, 38, 22, 25, 86, 69, 33, 2, 4, 80, 29, 14, 96, 23, 68, 62, 52, 32, 24, 3, 45, 82, 92, 41, 79, 11, 34]
    },
    "solutions": [
        {
            "algorithm_name": "opt-2",
            "path": {
                "length": 23339.2758082655,
                "vertices": [34, 22, 2, 19, 88, 16, 54, 11, 89, 59, 17, 35, 98, 87, 69, 29, 79, 24, 18, 75, 49, 5, 30, 28, 96, 14, 86, 21, 1, 3, 37, 72, 71, 4, 73, 67, 94, 85, 45, 41, 68, 93, 90, 66, 27, 62, 12, 80, 97, 0, 31, 82, 64, 55, 53, 32, 13, 63, 91, 51, 65, 26, 99, 92, 38, 36, 15, 23, 9, 7, 33, 56, 83, 6, 43, 84, 10, 76, 58, 74, 95, 20, 61, 47, 81, 8, 78, 57, 48, 25, 46, 40, 77, 42, 60, 52, 44, 50, 39, 70, 34]
            },
            "time": 13498100
        },
        {
            "algorithm_name": "opt-3",
            "path": {
                "length": 22746.94626333375,
                "vertices": [34, 59, 17, 98, 35, 70, 39, 50, 44, 52, 60, 42, 77, 40, 46, 48, 57, 78, 25, 8, 81, 47, 61, 20, 84, 10, 76, 58, 95, 74, 83, 6, 43, 9, 23, 15, 36, 38, 92, 99, 65, 51, 91, 63, 13, 32, 53, 55, 64, 82, 31, 0, 97, 80, 12, 62, 27, 66, 90, 93, 68, 41, 45, 85, 94, 67, 73, 26, 4, 71, 72, 37, 3, 1, 7, 33, 56, 21, 86, 14, 96, 30, 28, 29, 69, 87, 79, 24, 18, 75, 49, 5, 11, 54, 16, 89, 88, 19, 2, 22, 34]
            },
            "time": 624652200
        }]
}