{
    "initial_path": {
        "length": 599483.7120808,
        "vertices": [95, 0, 79, 66, 60, 38, 72, 40, 101, 6, 32, 25, 27, 29, 91, 78, 12, 85, 43, 82, 19, 20, 16, 9, 106, 62, 49, 4, 28, 53, 56, 87, 23, 75, 42, 90, 55, 2, 97, 30, 71, 81, 15, 37, 77, 83, 17, 99, 84, 59, 18, 98, 61, 47, 45, 13, 31, 65, 33, 86, 58, 1, 5, 88, 63, 52, 93, 104, 44, 57, 54, 68, 48, 67, 73, 14, 89, 11, 8, 46, 92, 103, 51, 69, 96, 7, 74, 105, 10, 35, 26, 24, 100, 64, 70, 39, 36, 102, 3, 50, 41, 34, 80, 22, 76, 94, 21, 95]
    },
    "solutions": [
        {
            "algorithm_name": "opt-2",
            "path": {
                "length": 47344.853105140064,
                "vertices": [95, 94, 3, 40, 42, 43, 45, 48, 47, 2, 50, 1, 52, 53, 51, 49, 46, 44, 41, 39, 36, 38, 37, 4, 35, 5, 30, 32, 33, 34, 31, 29, 26, 28, 27, 6, 25, 23, 24, 21, 17, 18, 15, 14, 11, 13, 10, 12, 9, 16, 19, 8, 20, 22, 7, 55, 58, 59, 56, 54, 57, 61, 60, 62, 63, 64, 65, 66, 69, 68, 71, 67, 70, 73, 76, 77, 72, 74, 75, 81, 80, 78, 79, 82, 83, 84, 87, 86, 89, 85, 88, 91, 90, 92, 93, 96, 101, 98, 99, 102, 105, 104, 0, 106, 103, 100, 97, 95]
            },
            "time": 18268100
        },
        {
            "algorithm_name": "opt-3",
            "path": {
                "length": 44754.9367711107,
                "vertices": [95, 91, 94, 97, 100, 101, 96, 98, 99, 102, 105, 104, 0, 106, 103, 1, 52, 53, 51, 50, 2, 47, 45, 48, 49, 46, 44, 41, 43, 42, 3, 40, 4, 37, 35, 38, 39, 36, 32, 5, 30, 33, 34, 31, 29, 28, 27, 6, 25, 26, 24, 21, 23, 22, 7, 20, 8, 19, 16, 17, 18, 15, 14, 11, 13, 10, 12, 9, 55, 54, 57, 56, 59, 58, 60, 62, 63, 61, 64, 65, 66, 69, 68, 71, 67, 70, 73, 76, 77, 74, 72, 75, 78, 79, 82, 83, 80, 81, 84, 85, 88, 89, 86, 87, 90, 93, 92, 95]
            },
            "time": 762580300
        }]
}