{
    "initial_path": {
        "length": 1429.1419589287132,
        "vertices": [50, 3, 33, 18, 11, 48, 21, 36, 40, 10, 2, 37, 39, 4, 8, 13, 42, 25, 44, 34, 30, 6, 1, 28, 46, 7, 19, 26, 43, 16, 45, 5, 14, 15, 12, 47, 24, 35, 23, 27, 49, 29, 38, 0, 41, 9, 22, 17, 32, 20, 31, 50]
    },
    "solutions": [
        {
            "algorithm_name": "opt-2",
            "path": {
                "length": 465.7489965815275,
                "vertices": [50, 38, 15, 14, 44, 16, 18, 19, 40, 11, 42, 29, 43, 21, 25, 20, 37, 30, 23, 7, 13, 35, 4, 8, 24, 34, 12, 36, 41, 46, 3, 9, 10, 28, 45, 27, 6, 1, 26, 47, 2, 5, 0, 33, 22, 48, 32, 17, 49, 31, 39, 50]
            },
            "time": 2355200
        },
        {
            "algorithm_name": "opt-3",
            "path": {
                "length": 441.99812559016215,
                "vertices": [50, 39, 49, 17, 48, 32, 0, 33, 22, 31, 1, 25, 20, 6, 26, 47, 5, 2, 28, 10, 9, 45, 3, 46, 41, 27, 36, 12, 34, 24, 8, 4, 13, 35, 23, 30, 37, 21, 43, 29, 42, 11, 40, 7, 19, 18, 16, 44, 14, 15, 38, 50]
            },
            "time": 77960900
        }]
}