{
    "initial_path": {
        "length": 2454.9507365895915,
        "vertices": [34, 65, 35, 72, 38, 29, 22, 13, 12, 24, 57, 44, 48, 5, 53, 32, 21, 62, 49, 75, 66, 42, 60, 19, 56, 36, 71, 54, 0, 67, 17, 4, 70, 61, 31, 7, 9, 15, 16, 28, 40, 30, 74, 25, 41, 18, 26, 58, 20, 45, 73, 33, 47, 50, 37, 14, 59, 8, 3, 2, 52, 55, 23, 46, 11, 43, 27, 1, 51, 39, 10, 64, 69, 63, 68, 6, 34]
    },
    "solutions": [
        {
            "algorithm_name": "opt-2",
            "path": {
                "length": 587.7809755332729,
                "vertices": [34, 23, 65, 35, 67, 9, 42, 66, 6, 41, 36, 37, 63, 28, 71, 64, 50, 18, 52, 74, 57, 31, 21, 32, 30, 73, 8, 58, 22, 59, 25, 3, 4, 2, 17, 60, 24, 53, 10, 61, 55, 11, 40, 5, 69, 46, 0, 62, 16, 68, 26, 27, 48, 20, 51, 56, 15, 13, 7, 45, 72, 44, 14, 75, 47, 19, 33, 49, 1, 54, 12, 43, 29, 39, 70, 38, 34]
            },
            "time": 6453300
        },
        {
            "algorithm_name": "opt-3",
            "path": {
                "length": 552.7722362409572,
                "vertices": [34, 38, 4, 60, 17, 2, 3, 25, 59, 23, 65, 22, 58, 8, 73, 30, 32, 21, 31, 57, 74, 42, 9, 67, 35, 39, 29, 43, 12, 54, 1, 49, 63, 28, 37, 36, 41, 71, 7, 13, 64, 6, 66, 52, 18, 50, 15, 56, 45, 72, 44, 14, 51, 20, 48, 27, 26, 75, 68, 47, 19, 33, 0, 46, 62, 16, 55, 11, 69, 5, 40, 61, 10, 53, 24, 70, 34]
            },
            "time": 354561200
        }]
}