{
    "initial_path": {
        "length": 262931.40585515136,
        "vertices": [41, 80, 87, 109, 32, 113, 93, 116, 83, 71, 133, 66, 45, 144, 31, 15, 14, 86, 108, 90, 118, 57, 7, 4, 145, 58, 104, 141, 106, 67, 100, 95, 56, 59, 52, 124, 28, 75, 132, 21, 82, 88, 35, 102, 92, 0, 72, 29, 115, 13, 126, 60, 18, 119, 5, 139, 79, 33, 36, 20, 44, 103, 54, 137, 114, 120, 134, 55, 50, 131, 48, 27, 77, 68, 16, 39, 24, 30, 84, 40, 147, 65, 25, 17, 47, 1, 121, 99, 49, 6, 9, 85, 123, 38, 140, 53, 128, 97, 89, 37, 117, 129, 96, 8, 70, 143, 149, 91, 98, 22, 78, 19, 3, 63, 105, 107, 130, 125, 10, 94, 81, 42, 64, 76, 148, 122, 43, 11, 23, 34, 73, 142, 12, 136, 101, 135, 138, 112, 69, 74, 62, 26, 2, 146, 110, 127, 111, 61, 46, 51, 41]
    },
    "solutions": [
        {
            "algorithm_name": "opt-2",
            "path": {
                "length": 28938.514642175505,
                "vertices": [41, 61, 127, 75, 9, 114, 86, 40, 78, 134, 101, 89, 54, 31, 39, 1, 4, 28, 71, 139, 141, 87, 3, 34, 94, 138, 116, 129, 121, 105, 73, 80, 128, 58, 149, 96, 36, 82, 30, 91, 99, 14, 108, 132, 12, 72, 22, 33, 69, 38, 32, 50, 113, 102, 25, 130, 117, 79, 43, 112, 145, 48, 146, 37, 62, 136, 7, 124, 57, 10, 19, 18, 47, 15, 144, 35, 45, 0, 53, 55, 63, 26, 97, 109, 76, 142, 104, 95, 46, 13, 115, 133, 42, 147, 77, 143, 64, 88, 65, 23, 16, 84, 110, 131, 148, 24, 107, 119, 5, 60, 21, 68, 20, 11, 74, 126, 85, 8, 122, 27, 52, 118, 137, 125, 51, 70, 59, 90, 44, 111, 140, 29, 93, 67, 17, 123, 92, 103, 120, 49, 98, 106, 56, 66, 135, 83, 2, 6, 81, 100, 41]
            },
            "time": 25328300
        },
        {
            "algorithm_name": "opt-3",
            "path": {
                "length": 26655.24525295718,
                "vertices": [41, 106, 56, 135, 100, 81, 6, 2, 83, 111, 44, 90, 59, 70, 51, 125, 137, 118, 140, 122, 27, 52, 8, 85, 126, 74, 11, 20, 68, 21, 60, 5, 119, 107, 24, 110, 131, 148, 143, 77, 147, 42, 133, 115, 13, 46, 95, 63, 55, 45, 35, 144, 0, 53, 19, 18, 47, 15, 26, 97, 109, 76, 142, 104, 1, 39, 64, 134, 40, 78, 67, 88, 65, 23, 84, 16, 93, 29, 17, 123, 92, 103, 66, 120, 49, 86, 114, 101, 31, 54, 139, 71, 4, 28, 73, 80, 128, 62, 37, 32, 50, 48, 146, 7, 136, 124, 57, 10, 117, 79, 43, 130, 25, 112, 145, 113, 102, 12, 72, 22, 132, 33, 69, 108, 14, 99, 91, 38, 30, 82, 36, 96, 149, 58, 121, 105, 141, 129, 116, 138, 94, 34, 3, 87, 89, 9, 75, 127, 61, 98, 41]
            },
            "time": 2135306800
        }]
}