{
    "initial_path": {
        "length": 1883687.0490498198,
        "vertices": [384, 427, 46, 368, 392, 6, 149, 95, 169, 181, 323, 346, 0, 381, 14, 129, 309, 64, 174, 5, 121, 301, 217, 244, 82, 357, 25, 430, 198, 155, 232, 41, 343, 420, 245, 66, 259, 35, 81, 239, 391, 399, 375, 186, 260, 428, 150, 63, 207, 388, 438, 288, 37, 418, 195, 136, 101, 394, 225, 126, 125, 261, 167, 316, 215, 180, 103, 405, 436, 374, 23, 228, 352, 185, 193, 313, 8, 224, 20, 67, 173, 255, 254, 210, 211, 308, 283, 72, 209, 3, 92, 397, 56, 285, 114, 293, 176, 351, 369, 280, 272, 315, 362, 161, 120, 145, 424, 229, 27, 113, 404, 290, 429, 164, 99, 80, 273, 327, 93, 48, 227, 247, 306, 90, 437, 337, 15, 360, 238, 192, 57, 156, 105, 203, 107, 79, 333, 86, 26, 1, 304, 300, 223, 117, 281, 265, 78, 294, 94, 250, 206, 144, 433, 130, 364, 62, 434, 425, 298, 279, 422, 317, 141, 419, 276, 124, 152, 435, 389, 340, 112, 175, 240, 396, 128, 370, 231, 171, 70, 335, 367, 345, 237, 431, 243, 18, 423, 40, 83, 12, 4, 378, 19, 68, 162, 267, 52, 325, 165, 358, 376, 202, 377, 77, 179, 166, 154, 100, 45, 22, 201, 318, 182, 234, 328, 390, 96, 344, 146, 359, 151, 108, 24, 2, 147, 172, 305, 69, 137, 219, 410, 200, 9, 168, 246, 230, 39, 226, 59, 43, 222, 10, 417, 183, 7, 284, 214, 54, 295, 13, 414, 385, 296, 127, 84, 204, 402, 341, 87, 118, 194, 347, 191, 361, 122, 131, 190, 326, 408, 253, 382, 386, 184, 110, 55, 133, 319, 102, 29, 314, 61, 334, 30, 266, 432, 233, 159, 302, 329, 143, 349, 142, 199, 213, 163, 286, 60, 269, 91, 89, 49, 330, 140, 258, 42, 312, 407, 262, 371, 109, 28, 241, 170, 412, 97, 342, 220, 383, 366, 338, 275, 353, 421, 188, 413, 132, 339, 336, 160, 212, 350, 321, 268, 310, 252, 395, 17, 398, 187, 205, 104, 257, 138, 291, 76, 264, 158, 299, 380, 406, 65, 297, 51, 36, 249, 372, 123, 221, 356, 322, 157, 116, 263, 178, 411, 332, 331, 34, 355, 115, 251, 363, 98, 274, 320, 47, 218, 197, 292, 303, 53, 73, 71, 148, 31, 58, 111, 216, 403, 177, 16, 282, 33, 135, 278, 311, 248, 235, 324, 74, 106, 289, 387, 196, 401, 153, 139, 32, 277, 236, 416, 21, 85, 134, 348, 11, 189, 256, 242, 307, 373, 88, 50, 415, 354, 75, 119, 400, 379, 287, 44, 208, 38, 409, 271, 270, 365, 393, 426, 384]
    },
    "solutions": [
        {
            "algorithm_name": "opt-2",
            "path": {
                "length": 117200.72953381155,
                "vertices": [384, 386, 352, 351, 350, 349, 316, 317, 315, 314, 319, 313, 312, 311, 321, 323, 324, 310, 289, 288, 287, 237, 238, 239, 240, 242, 243, 241, 286, 285, 284, 291, 290, 309, 308, 307, 325, 326, 327, 328, 365, 363, 364, 404, 367, 366, 331, 330, 329, 293, 292, 282, 283, 244, 245, 246, 247, 248, 249, 250, 251, 281, 294, 295, 280, 279, 278, 296, 306, 305, 297, 277, 276, 254, 253, 252, 236, 235, 234, 233, 232, 255, 256, 231, 229, 228, 227, 226, 225, 230, 259, 260, 262, 264, 265, 268, 224, 223, 220, 222, 221, 271, 270, 269, 267, 266, 263, 261, 258, 257, 298, 299, 300, 301, 275, 274, 273, 272, 302, 303, 304, 405, 368, 406, 407, 408, 5, 12, 11, 10, 61, 121, 122, 123, 124, 64, 9, 62, 6, 7, 8, 63, 219, 215, 216, 217, 218, 214, 183, 188, 189, 190, 205, 206, 204, 207, 210, 213, 212, 202, 203, 192, 193, 191, 176, 177, 178, 173, 175, 174, 164, 162, 163, 152, 151, 153, 154, 155, 161, 171, 172, 179, 187, 186, 194, 201, 200, 199, 169, 170, 159, 160, 156, 157, 128, 126, 127, 125, 120, 67, 65, 60, 66, 68, 69, 70, 71, 129, 130, 132, 131, 133, 134, 135, 136, 138, 139, 137, 72, 73, 150, 149, 148, 158, 165, 166, 181, 180, 195, 196, 211, 209, 208, 198, 197, 185, 184, 182, 168, 167, 147, 146, 145, 144, 143, 142, 141, 140, 119, 118, 117, 116, 115, 114, 78, 77, 76, 75, 74, 59, 58, 57, 56, 55, 54, 53, 79, 80, 113, 112, 111, 109, 108, 107, 106, 105, 104, 103, 102, 101, 100, 99, 98, 97, 95, 96, 34, 35, 36, 37, 94, 38, 39, 40, 41, 93, 92, 91, 90, 89, 88, 87, 86, 85, 84, 110, 83, 82, 81, 52, 51, 50, 49, 48, 47, 46, 45, 44, 43, 42, 23, 22, 21, 20, 19, 18, 17, 16, 15, 14, 13, 3, 4, 409, 2, 1, 0, 438, 437, 436, 417, 435, 434, 433, 24, 25, 26, 27, 28, 29, 32, 33, 30, 31, 428, 427, 426, 425, 424, 429, 430, 431, 432, 421, 420, 395, 394, 423, 422, 393, 391, 390, 389, 387, 388, 385, 392, 380, 379, 378, 396, 419, 418, 416, 415, 414, 413, 412, 410, 403, 411, 402, 401, 400, 399, 397, 398, 376, 377, 375, 374, 373, 372, 371, 370, 369, 362, 361, 360, 359, 358, 357, 341, 340, 338, 337, 335, 332, 333, 322, 334, 336, 339, 320, 342, 344, 318, 347, 348, 346, 345, 343, 356, 355, 354, 353, 381, 382, 383, 384]
            },
            "time": 321051900
        },
        {
            "algorithm_name": "opt-3",
            "path": {
                "length": 109076.67579204222,
                "vertices": [384, 383, 382, 381, 353, 354, 355, 356, 357, 358, 340, 338, 337, 335, 361, 360, 359, 375, 377, 376, 398, 399, 400, 401, 374, 373, 372, 371, 362, 370, 369, 404, 364, 367, 366, 363, 365, 331, 330, 329, 328, 327, 326, 325, 324, 323, 332, 333, 322, 334, 336, 339, 341, 320, 342, 344, 343, 345, 346, 348, 349, 350, 351, 352, 347, 318, 317, 316, 315, 314, 319, 313, 312, 311, 321, 310, 309, 308, 307, 291, 290, 289, 288, 287, 237, 238, 239, 286, 285, 284, 243, 241, 240, 242, 244, 283, 245, 246, 247, 248, 282, 292, 293, 250, 249, 251, 281, 294, 295, 280, 279, 278, 296, 306, 305, 297, 277, 276, 298, 299, 300, 301, 275, 274, 273, 272, 270, 269, 267, 266, 268, 265, 264, 263, 261, 262, 260, 259, 258, 257, 256, 255, 254, 253, 252, 236, 235, 234, 233, 232, 231, 230, 229, 228, 227, 226, 225, 224, 223, 220, 222, 221, 271, 302, 303, 304, 368, 405, 6, 7, 8, 63, 9, 62, 61, 10, 406, 407, 408, 5, 11, 12, 60, 65, 66, 67, 120, 125, 126, 128, 129, 127, 68, 69, 70, 71, 72, 73, 139, 137, 138, 136, 135, 134, 132, 133, 131, 130, 157, 156, 160, 159, 169, 170, 154, 155, 161, 171, 172, 179, 178, 176, 177, 173, 175, 174, 164, 162, 163, 152, 151, 153, 121, 122, 123, 124, 64, 219, 215, 216, 217, 218, 214, 183, 188, 189, 191, 190, 205, 206, 204, 207, 210, 213, 212, 202, 203, 192, 193, 187, 186, 194, 201, 200, 199, 195, 196, 211, 209, 208, 198, 197, 185, 184, 182, 180, 181, 168, 167, 166, 165, 158, 147, 148, 149, 150, 140, 141, 142, 143, 144, 145, 146, 114, 113, 80, 79, 78, 77, 115, 116, 117, 118, 119, 74, 75, 76, 59, 58, 57, 56, 55, 54, 53, 81, 52, 51, 50, 49, 48, 16, 15, 14, 13, 2, 3, 4, 409, 410, 403, 411, 402, 412, 413, 414, 415, 416, 436, 437, 438, 0, 1, 17, 18, 19, 20, 21, 22, 23, 24, 25, 26, 27, 28, 29, 36, 37, 38, 39, 94, 93, 92, 91, 90, 40, 41, 42, 43, 89, 88, 87, 44, 45, 46, 47, 86, 85, 84, 82, 83, 110, 112, 111, 109, 108, 107, 106, 105, 104, 103, 102, 101, 100, 99, 98, 97, 95, 96, 34, 35, 32, 33, 428, 31, 30, 429, 430, 431, 432, 433, 434, 435, 417, 418, 397, 396, 378, 379, 380, 392, 391, 393, 423, 394, 395, 419, 420, 421, 422, 424, 425, 426, 427, 390, 389, 387, 388, 385, 386, 384]
            },
            "time": 71360417600
        }]
}