{
    "initial_path": {
        "length": 333752.8352622845,
        "vertices": [184, 175, 115, 120, 171, 106, 73, 178, 84, 176, 86, 182, 198, 76, 158, 108, 187, 169, 146, 105, 65, 183, 145, 170, 143, 59, 85, 1, 42, 17, 181, 20, 148, 2, 83, 74, 24, 8, 122, 30, 151, 3, 36, 104, 155, 193, 153, 7, 154, 66, 147, 10, 102, 4, 55, 47, 137, 138, 81, 50, 134, 71, 33, 28, 43, 13, 70, 136, 141, 68, 113, 93, 180, 95, 62, 126, 179, 159, 27, 139, 161, 53, 72, 118, 49, 40, 19, 116, 38, 54, 60, 144, 37, 44, 107, 199, 52, 192, 160, 190, 80, 149, 140, 69, 129, 98, 0, 18, 117, 32, 100, 142, 79, 114, 87, 14, 99, 135, 96, 45, 186, 103, 26, 63, 174, 125, 23, 119, 167, 157, 94, 5, 185, 128, 75, 150, 61, 188, 132, 197, 111, 16, 39, 109, 112, 177, 195, 58, 57, 152, 56, 29, 89, 162, 164, 46, 51, 101, 97, 166, 9, 130, 121, 194, 78, 133, 21, 15, 48, 64, 191, 67, 31, 35, 127, 123, 34, 6, 41, 163, 11, 91, 196, 172, 189, 25, 92, 156, 110, 77, 82, 131, 12, 90, 124, 22, 173, 168, 165, 88, 184]
    },
    "solutions": [
        {
            "algorithm_name": "opt-2",
            "path": {
                "length": 32609.006448053944,
                "vertices": [184, 100, 152, 10, 14, 16, 58, 123, 131, 35, 160, 125, 98, 106, 181, 177, 108, 37, 23, 136, 83, 128, 71, 145, 20, 73, 111, 159, 0, 103, 62, 192, 5, 48, 89, 148, 9, 117, 165, 52, 78, 17, 115, 150, 93, 162, 143, 87, 15, 21, 69, 151, 110, 183, 147, 65, 186, 25, 195, 64, 3, 196, 180, 144, 96, 18, 191, 118, 198, 109, 74, 135, 156, 173, 199, 132, 55, 79, 30, 41, 113, 91, 7, 168, 88, 172, 102, 158, 140, 188, 53, 120, 39, 63, 1, 169, 175, 81, 94, 12, 75, 32, 36, 142, 4, 104, 95, 77, 51, 155, 170, 29, 138, 137, 127, 47, 187, 99, 70, 40, 157, 133, 189, 124, 116, 42, 2, 197, 13, 28, 45, 107, 121, 33, 174, 82, 54, 11, 19, 26, 85, 34, 141, 154, 163, 119, 59, 178, 112, 76, 61, 166, 130, 146, 56, 6, 8, 105, 153, 86, 50, 164, 179, 60, 24, 80, 101, 67, 84, 149, 161, 182, 171, 38, 185, 194, 193, 190, 49, 43, 122, 72, 134, 68, 167, 129, 176, 57, 66, 27, 92, 97, 22, 114, 44, 90, 126, 46, 139, 31, 184]
            },
            "time": 45209600
        },
        {
            "algorithm_name": "opt-3",
            "path": {
                "length": 30075.275590796635,
                "vertices": [184, 31, 100, 152, 14, 16, 10, 145, 71, 20, 73, 58, 123, 131, 35, 160, 125, 98, 106, 181, 177, 108, 37, 23, 136, 83, 128, 9, 117, 148, 111, 139, 46, 159, 0, 103, 62, 192, 5, 48, 89, 118, 198, 74, 109, 191, 18, 165, 52, 78, 17, 115, 162, 150, 93, 87, 143, 15, 21, 69, 151, 110, 183, 147, 65, 195, 186, 25, 64, 3, 196, 180, 96, 144, 132, 55, 199, 173, 156, 135, 113, 91, 7, 168, 41, 79, 30, 88, 172, 102, 158, 140, 188, 53, 120, 39, 63, 1, 175, 169, 43, 190, 49, 72, 122, 68, 167, 129, 66, 27, 92, 57, 176, 179, 164, 76, 166, 130, 146, 19, 56, 6, 8, 105, 153, 86, 50, 60, 24, 80, 101, 134, 67, 84, 161, 182, 171, 149, 38, 185, 194, 193, 81, 94, 12, 75, 32, 36, 142, 4, 104, 95, 77, 51, 155, 137, 170, 29, 138, 127, 47, 187, 13, 197, 99, 70, 40, 157, 133, 189, 124, 116, 42, 2, 45, 28, 107, 121, 33, 174, 82, 54, 11, 26, 85, 34, 141, 154, 119, 163, 61, 59, 178, 112, 114, 22, 97, 126, 90, 44, 184]
            },
            "time": 6645376400
        }]
}