{
    "initial_path": {
        "length": 827601.0120319529,
        "vertices": [140, 37, 27, 135, 110, 61, 86, 105, 67, 36, 59, 78, 119, 142, 26, 20, 63, 68, 74, 23, 114, 73, 0, 92, 101, 77, 124, 76, 38, 51, 70, 46, 53, 89, 60, 45, 98, 96, 52, 21, 58, 39, 11, 143, 22, 82, 32, 116, 100, 88, 95, 123, 80, 106, 7, 62, 90, 28, 107, 109, 126, 117, 136, 97, 50, 69, 108, 48, 137, 42, 85, 65, 34, 18, 104, 118, 72, 56, 3, 87, 31, 55, 120, 33, 19, 15, 47, 79, 10, 71, 16, 132, 24, 83, 14, 4, 127, 6, 91, 93, 9, 1, 121, 54, 29, 66, 57, 12, 129, 111, 84, 8, 35, 113, 103, 5, 44, 81, 17, 133, 99, 41, 139, 64, 128, 112, 125, 115, 94, 43, 2, 30, 131, 13, 49, 138, 134, 40, 75, 102, 141, 130, 122, 25, 140]
    },
    "solutions": [
        {
            "algorithm_name": "opt-2",
            "path": {
                "length": 60516.37785860198,
                "vertices": [140, 141, 143, 142, 116, 115, 114, 92, 89, 88, 112, 113, 87, 86, 85, 84, 83, 82, 81, 80, 78, 79, 90, 91, 111, 110, 109, 108, 94, 93, 95, 96, 107, 106, 97, 98, 101, 100, 77, 76, 75, 74, 72, 73, 99, 105, 104, 103, 102, 120, 121, 122, 123, 124, 125, 126, 127, 128, 129, 117, 118, 119, 130, 131, 6, 7, 8, 9, 10, 11, 12, 13, 32, 31, 14, 15, 27, 28, 29, 30, 33, 34, 35, 36, 37, 38, 39, 40, 41, 71, 70, 69, 68, 67, 66, 65, 64, 63, 62, 61, 60, 59, 58, 42, 57, 56, 55, 54, 53, 52, 51, 50, 49, 48, 47, 46, 45, 44, 43, 19, 18, 20, 21, 22, 23, 24, 25, 26, 17, 16, 5, 4, 3, 2, 1, 0, 132, 133, 134, 135, 136, 137, 138, 139, 140]
            },
            "time": 34297700
        },
        {
            "algorithm_name": "opt-3",
            "path": {
                "length": 58535.22176137213,
                "vertices": [140, 141, 143, 142, 116, 115, 114, 85, 84, 83, 82, 81, 80, 78, 79, 90, 91, 89, 88, 87, 86, 113, 112, 92, 111, 110, 109, 108, 94, 93, 77, 76, 75, 74, 72, 73, 99, 100, 98, 97, 96, 95, 107, 106, 101, 105, 104, 103, 102, 120, 121, 122, 123, 124, 125, 126, 127, 128, 129, 117, 118, 119, 130, 131, 6, 7, 8, 9, 10, 11, 12, 13, 36, 35, 32, 31, 33, 34, 37, 38, 39, 40, 41, 71, 70, 69, 68, 67, 66, 65, 64, 63, 62, 61, 60, 59, 58, 42, 57, 56, 55, 54, 53, 52, 51, 50, 49, 48, 47, 46, 45, 44, 43, 19, 18, 0, 1, 2, 3, 4, 5, 16, 17, 25, 24, 21, 20, 22, 23, 26, 27, 28, 29, 30, 15, 14, 132, 133, 134, 135, 136, 137, 138, 139, 140]
            },
            "time": 1894562000
        }]
}