{
    "initial_path": {
        "length": 1646521.7601203625,
        "vertices": [156, 81, 22, 123, 145, 39, 222, 16, 36, 182, 101, 205, 130, 109, 127, 206, 141, 105, 219, 175, 217, 121, 199, 90, 164, 195, 119, 80, 104, 118, 76, 2, 4, 23, 154, 147, 159, 110, 157, 71, 10, 56, 91, 150, 46, 116, 1, 132, 61, 211, 163, 52, 215, 75, 180, 125, 84, 20, 92, 47, 79, 49, 25, 37, 167, 45, 30, 13, 14, 53, 144, 225, 93, 3, 186, 63, 184, 66, 160, 131, 28, 94, 67, 166, 158, 140, 192, 178, 161, 143, 221, 19, 27, 152, 139, 55, 60, 189, 113, 129, 17, 142, 155, 50, 170, 136, 51, 89, 203, 208, 115, 202, 200, 220, 77, 11, 57, 183, 85, 210, 107, 31, 48, 126, 86, 187, 24, 82, 5, 12, 65, 103, 173, 111, 8, 6, 214, 185, 59, 26, 43, 42, 194, 35, 146, 122, 78, 153, 34, 209, 33, 134, 162, 149, 176, 148, 174, 120, 168, 204, 193, 198, 197, 117, 29, 18, 124, 224, 216, 190, 62, 74, 181, 54, 69, 97, 99, 218, 191, 177, 106, 72, 68, 83, 70, 133, 0, 98, 165, 88, 212, 179, 102, 38, 137, 9, 112, 151, 201, 135, 15, 213, 207, 108, 196, 114, 171, 95, 32, 138, 73, 169, 21, 100, 40, 87, 58, 64, 188, 223, 96, 128, 41, 44, 7, 172, 156]
    },
    "solutions": [
        {
            "algorithm_name": "opt-2",
            "path": {
                "length": 85257.81420792482,
                "vertices": [156, 149, 148, 157, 160, 145, 144, 143, 140, 161, 162, 163, 164, 165, 166, 167, 168, 169, 170, 171, 172, 173, 174, 175, 176, 19, 20, 21, 22, 211, 210, 209, 208, 207, 199, 201, 200, 202, 203, 204, 212, 213, 205, 206, 214, 23, 30, 32, 31, 24, 25, 26, 27, 28, 29, 36, 34, 35, 33, 37, 38, 39, 40, 41, 42, 43, 44, 45, 46, 47, 48, 49, 50, 51, 52, 53, 54, 55, 56, 57, 58, 59, 60, 61, 62, 63, 64, 65, 66, 67, 68, 69, 70, 71, 72, 73, 74, 75, 76, 77, 78, 79, 80, 81, 82, 83, 84, 85, 86, 87, 88, 89, 90, 91, 92, 93, 94, 95, 96, 97, 98, 99, 100, 101, 102, 103, 104, 105, 106, 107, 108, 109, 110, 111, 112, 11, 18, 16, 10, 9, 17, 15, 8, 7, 13, 14, 6, 5, 12, 222, 4, 3, 2, 221, 220, 219, 218, 1, 0, 225, 216, 217, 215, 224, 223, 198, 197, 196, 195, 194, 193, 192, 191, 190, 189, 188, 187, 186, 185, 113, 114, 115, 116, 117, 118, 119, 121, 122, 126, 127, 123, 120, 184, 124, 125, 183, 181, 182, 178, 179, 180, 128, 129, 130, 131, 177, 132, 133, 134, 135, 136, 137, 138, 139, 141, 142, 146, 147, 150, 151, 152, 153, 154, 155, 159, 158, 156]
            },
            "time": 97388500
        },
        {
            "algorithm_name": "opt-3",
            "path": {
                "length": 81471.24099360176,
                "vertices": [156, 149, 150, 151, 154, 152, 153, 155, 199, 207, 208, 201, 200, 209, 210, 202, 203, 211, 212, 204, 205, 213, 214, 206, 23, 30, 32, 24, 25, 31, 33, 26, 27, 28, 29, 36, 34, 35, 37, 38, 39, 40, 41, 42, 43, 44, 45, 46, 47, 48, 49, 50, 51, 52, 53, 54, 55, 56, 57, 58, 59, 60, 61, 62, 63, 64, 65, 66, 67, 68, 69, 70, 71, 72, 73, 74, 75, 76, 22, 21, 20, 19, 77, 78, 79, 80, 81, 82, 83, 84, 85, 86, 87, 88, 89, 90, 91, 92, 93, 94, 95, 96, 97, 98, 99, 100, 101, 102, 103, 104, 105, 106, 107, 108, 109, 110, 111, 112, 11, 10, 18, 16, 17, 9, 8, 15, 13, 7, 6, 14, 12, 5, 4, 222, 221, 3, 2, 220, 1, 219, 218, 0, 225, 216, 217, 215, 224, 223, 198, 197, 196, 195, 194, 193, 192, 191, 190, 189, 188, 187, 186, 185, 113, 114, 115, 116, 117, 118, 119, 120, 184, 183, 125, 124, 123, 121, 122, 126, 127, 128, 180, 181, 182, 179, 129, 130, 131, 177, 178, 176, 175, 174, 173, 172, 171, 170, 169, 168, 167, 166, 165, 164, 163, 132, 162, 133, 134, 135, 136, 137, 138, 139, 140, 141, 142, 146, 147, 148, 143, 144, 145, 160, 161, 159, 158, 157, 156]
            },
            "time": 7265108600
        }]
}