{
    "initial_path": {
        "length": 211916.613423744,
        "vertices": [144, 38, 390, 86, 37, 1, 392, 31, 179, 217, 261, 92, 101, 320, 393, 60, 39, 360, 74, 252, 236, 124, 200, 345, 262, 3, 287, 112, 169, 81, 170, 251, 321, 219, 387, 174, 147, 134, 137, 78, 295, 376, 127, 85, 341, 204, 40, 357, 198, 281, 5, 162, 358, 326, 183, 254, 329, 153, 71, 327, 307, 180, 309, 34, 164, 26, 255, 222, 94, 67, 163, 303, 161, 218, 205, 107, 323, 209, 385, 399, 109, 371, 146, 177, 366, 235, 317, 56, 370, 238, 155, 104, 282, 214, 157, 244, 340, 14, 65, 257, 136, 9, 274, 221, 35, 128, 288, 277, 70, 365, 378, 15, 165, 313, 196, 228, 355, 338, 267, 0, 21, 237, 334, 359, 73, 253, 11, 75, 337, 120, 211, 113, 160, 289, 364, 91, 305, 241, 64, 114, 301, 59, 280, 116, 108, 45, 263, 232, 111, 306, 299, 98, 61, 68, 84, 143, 133, 158, 202, 102, 43, 247, 41, 23, 66, 372, 294, 297, 354, 131, 266, 193, 4, 271, 351, 362, 203, 347, 367, 125, 185, 12, 138, 336, 302, 141, 265, 121, 151, 96, 140, 51, 192, 199, 322, 312, 44, 349, 283, 82, 28, 346, 344, 234, 79, 50, 264, 270, 398, 243, 7, 273, 248, 373, 285, 118, 258, 375, 27, 208, 269, 90, 19, 95, 240, 296, 207, 286, 156, 87, 154, 132, 83, 292, 195, 55, 8, 324, 18, 383, 97, 181, 284, 311, 246, 48, 319, 166, 32, 188, 333, 229, 223, 173, 29, 386, 119, 374, 304, 279, 339, 330, 89, 331, 191, 117, 388, 328, 201, 361, 394, 33, 62, 369, 189, 20, 2, 298, 226, 135, 310, 139, 46, 187, 230, 381, 227, 30, 54, 256, 239, 72, 396, 278, 36, 275, 178, 93, 47, 69, 42, 379, 216, 397, 391, 184, 389, 245, 172, 130, 356, 300, 99, 350, 384, 315, 318, 77, 52, 10, 348, 206, 22, 103, 272, 150, 215, 249, 293, 276, 316, 332, 49, 57, 231, 142, 290, 212, 76, 152, 308, 16, 224, 105, 233, 213, 335, 325, 197, 352, 148, 88, 194, 167, 115, 182, 126, 353, 210, 145, 377, 186, 225, 149, 250, 291, 6, 175, 122, 123, 268, 100, 13, 259, 382, 58, 395, 242, 380, 342, 363, 260, 106, 24, 129, 53, 159, 171, 176, 168, 220, 190, 314, 17, 80, 110, 343, 25, 63, 368, 144]
    },
    "solutions": [
        {
            "algorithm_name": "opt-2",
            "path": {
                "length": 16921.61694044293,
                "vertices": [144, 53, 161, 231, 258, 23, 44, 162, 210, 299, 259, 347, 201, 321, 8, 64, 181, 272, 11, 25, 98, 338, 184, 159, 153, 307, 302, 295, 378, 256, 26, 14, 265, 56, 221, 166, 157, 291, 356, 138, 74, 2, 200, 203, 368, 244, 360, 55, 0, 208, 255, 72, 336, 99, 106, 143, 309, 92, 126, 357, 329, 110, 50, 75, 196, 275, 268, 140, 206, 263, 359, 395, 306, 350, 205, 87, 241, 190, 317, 115, 229, 220, 214, 100, 21, 314, 103, 46, 319, 328, 225, 127, 366, 363, 372, 212, 116, 385, 316, 135, 15, 84, 238, 94, 233, 85, 57, 36, 320, 174, 237, 38, 48, 332, 151, 89, 346, 170, 365, 167, 219, 73, 305, 125, 281, 69, 274, 236, 177, 227, 68, 49, 22, 375, 187, 61, 324, 152, 251, 213, 340, 176, 136, 279, 27, 59, 79, 80, 204, 54, 65, 334, 292, 129, 186, 394, 71, 331, 131, 315, 189, 113, 202, 6, 160, 215, 192, 172, 345, 388, 209, 41, 230, 20, 262, 120, 211, 242, 175, 330, 325, 226, 17, 370, 93, 349, 232, 123, 337, 245, 285, 382, 82, 171, 101, 124, 397, 277, 91, 173, 150, 121, 76, 7, 343, 376, 280, 40, 293, 34, 132, 260, 393, 304, 154, 47, 117, 369, 96, 19, 30, 90, 169, 298, 185, 310, 303, 342, 133, 109, 102, 311, 63, 308, 45, 239, 367, 254, 179, 392, 137, 164, 198, 296, 18, 273, 339, 269, 163, 333, 371, 66, 387, 16, 381, 32, 104, 217, 193, 249, 282, 351, 95, 379, 9, 3, 391, 284, 107, 389, 358, 158, 355, 165, 191, 86, 361, 112, 58, 28, 374, 118, 290, 348, 134, 207, 327, 243, 344, 380, 148, 278, 289, 31, 182, 301, 60, 24, 114, 313, 264, 283, 197, 252, 294, 168, 396, 228, 362, 224, 373, 180, 142, 240, 270, 51, 43, 287, 384, 326, 352, 139, 42, 188, 399, 130, 155, 386, 111, 286, 77, 147, 88, 199, 253, 398, 276, 83, 194, 33, 4, 354, 156, 10, 35, 62, 37, 250, 364, 108, 377, 146, 13, 1, 81, 266, 216, 67, 288, 105, 223, 218, 183, 97, 39, 297, 335, 257, 248, 141, 12, 29, 145, 178, 318, 235, 383, 353, 78, 122, 271, 70, 234, 390, 222, 323, 247, 5, 322, 246, 52, 267, 119, 195, 300, 149, 312, 341, 261, 128, 144]
            },
            "time": 217302900
        },
        {
            "algorithm_name": "opt-3",
            "path": {
                "length": 15949.28629561067,
                "vertices": [144, 53, 161, 162, 299, 210, 44, 23, 258, 231, 222, 390, 323, 247, 52, 5, 234, 70, 322, 246, 267, 119, 196, 75, 195, 300, 149, 50, 110, 329, 357, 106, 99, 336, 314, 21, 103, 208, 0, 200, 203, 368, 55, 244, 360, 48, 332, 151, 89, 346, 170, 311, 63, 308, 45, 239, 367, 254, 38, 237, 327, 243, 380, 344, 374, 28, 58, 148, 112, 361, 86, 114, 24, 60, 301, 182, 31, 289, 278, 174, 320, 36, 57, 85, 233, 94, 238, 319, 46, 100, 214, 220, 229, 275, 268, 115, 140, 206, 271, 122, 78, 353, 383, 235, 318, 178, 145, 29, 12, 141, 248, 257, 335, 205, 350, 359, 263, 306, 395, 317, 190, 241, 87, 297, 39, 97, 183, 212, 218, 223, 105, 288, 67, 116, 372, 363, 366, 127, 225, 328, 135, 15, 81, 316, 385, 216, 266, 4, 156, 33, 194, 253, 88, 199, 398, 276, 83, 10, 354, 1, 84, 13, 146, 377, 108, 35, 62, 37, 364, 250, 43, 287, 51, 384, 326, 352, 139, 42, 286, 77, 147, 111, 386, 155, 188, 130, 399, 224, 362, 228, 396, 168, 294, 252, 197, 373, 180, 283, 264, 240, 270, 142, 313, 191, 165, 389, 107, 358, 284, 158, 355, 391, 379, 3, 9, 118, 207, 134, 348, 290, 282, 249, 193, 95, 351, 104, 217, 32, 381, 16, 164, 198, 137, 392, 179, 296, 18, 273, 339, 387, 66, 371, 333, 163, 76, 121, 150, 173, 91, 124, 101, 245, 285, 382, 171, 82, 330, 175, 242, 211, 325, 226, 120, 262, 96, 17, 369, 117, 47, 154, 304, 370, 93, 349, 337, 376, 343, 397, 277, 7, 269, 280, 40, 293, 34, 132, 260, 123, 232, 393, 102, 109, 133, 342, 303, 310, 185, 298, 169, 90, 30, 19, 274, 69, 281, 305, 125, 236, 177, 227, 375, 20, 230, 41, 209, 388, 345, 172, 192, 215, 160, 6, 202, 315, 189, 131, 331, 71, 113, 394, 186, 129, 292, 334, 65, 54, 204, 79, 59, 340, 213, 251, 152, 324, 61, 187, 22, 68, 49, 136, 176, 279, 27, 25, 80, 11, 272, 181, 64, 8, 321, 201, 338, 184, 98, 159, 153, 307, 302, 295, 378, 256, 219, 73, 167, 365, 26, 14, 265, 56, 221, 166, 291, 157, 2, 74, 255, 72, 138, 356, 309, 347, 92, 143, 126, 312, 341, 261, 128, 259, 144]
            },
            "time": 53156100700
        }]
}