{
    "initial_path": {
        "length": 21417.706358900887,
        "vertices": [138, 33, 54, 9, 114, 71, 67, 152, 143, 77, 63, 38, 48, 96, 105, 191, 40, 189, 154, 29, 171, 59, 15, 169, 172, 137, 5, 20, 188, 78, 142, 156, 113, 14, 53, 44, 86, 87, 61, 162, 122, 135, 73, 16, 66, 148, 74, 167, 190, 187, 97, 68, 56, 42, 181, 89, 180, 27, 112, 130, 173, 36, 60, 159, 24, 88, 51, 11, 98, 183, 121, 129, 39, 57, 163, 151, 116, 94, 90, 43, 117, 28, 49, 147, 102, 176, 140, 30, 3, 13, 155, 83, 174, 6, 170, 175, 124, 81, 115, 139, 34, 194, 47, 84, 10, 149, 108, 107, 92, 50, 150, 178, 120, 21, 64, 80, 100, 193, 133, 161, 104, 1, 166, 160, 106, 134, 125, 31, 4, 164, 7, 2, 69, 22, 128, 99, 70, 58, 23, 18, 35, 62, 37, 82, 132, 165, 65, 192, 146, 141, 111, 75, 17, 41, 101, 76, 46, 184, 26, 118, 127, 55, 52, 91, 158, 45, 0, 131, 12, 85, 32, 136, 168, 95, 109, 123, 79, 157, 144, 8, 19, 110, 186, 119, 182, 103, 145, 185, 72, 126, 177, 93, 25, 153, 179, 138]
    },
    "solutions": [
        {
            "algorithm_name": "opt-2",
            "path": {
                "length": 2599.0338137106005,
                "vertices": [138, 124, 125, 112, 111, 98, 99, 100, 101, 102, 103, 104, 105, 106, 107, 108, 109, 110, 121, 120, 119, 118, 117, 116, 115, 114, 113, 126, 127, 128, 129, 131, 132, 133, 122, 123, 136, 135, 134, 147, 148, 149, 162, 161, 175, 174, 186, 187, 188, 6, 5, 19, 18, 17, 4, 3, 2, 1, 14, 15, 16, 29, 28, 27, 30, 31, 32, 45, 44, 57, 58, 71, 70, 82, 69, 68, 55, 54, 56, 43, 42, 41, 40, 26, 25, 37, 38, 39, 51, 52, 53, 66, 65, 64, 63, 62, 61, 75, 76, 77, 78, 79, 67, 80, 81, 94, 83, 84, 97, 96, 95, 93, 92, 91, 90, 89, 88, 74, 73, 87, 86, 85, 72, 59, 60, 48, 49, 50, 36, 22, 35, 34, 47, 46, 33, 20, 21, 8, 7, 189, 9, 10, 23, 24, 11, 12, 13, 0, 193, 192, 191, 190, 178, 179, 180, 181, 194, 184, 185, 183, 182, 169, 170, 171, 172, 173, 160, 159, 157, 158, 146, 145, 144, 143, 130, 141, 142, 156, 154, 155, 168, 167, 166, 165, 177, 176, 163, 164, 152, 153, 140, 139, 151, 150, 137, 138]
            },
            "time": 44118800
        },
        {
            "algorithm_name": "opt-3",
            "path": {
                "length": 2428.4148810568404,
                "vertices": [138, 151, 150, 137, 124, 125, 126, 127, 128, 129, 130, 131, 132, 133, 134, 135, 122, 121, 120, 119, 118, 117, 116, 115, 114, 113, 112, 111, 98, 99, 100, 101, 102, 103, 104, 105, 106, 107, 108, 109, 110, 123, 136, 149, 148, 147, 146, 159, 160, 161, 162, 175, 174, 173, 172, 171, 170, 169, 182, 183, 184, 185, 186, 187, 188, 6, 5, 4, 17, 18, 19, 30, 31, 32, 45, 44, 43, 56, 57, 58, 71, 70, 55, 54, 42, 41, 40, 39, 38, 37, 35, 36, 49, 48, 62, 61, 74, 75, 76, 77, 64, 63, 50, 51, 52, 53, 65, 66, 67, 68, 69, 82, 83, 84, 97, 96, 95, 93, 94, 81, 80, 79, 78, 92, 91, 90, 89, 88, 87, 86, 85, 73, 72, 59, 60, 46, 47, 34, 33, 20, 21, 22, 23, 24, 25, 26, 27, 28, 29, 16, 15, 14, 3, 2, 1, 0, 13, 12, 11, 10, 9, 8, 7, 189, 190, 191, 192, 193, 194, 181, 180, 179, 178, 177, 176, 163, 164, 165, 167, 166, 152, 153, 154, 155, 168, 156, 157, 158, 145, 144, 143, 142, 141, 140, 139, 138]
            },
            "time": 4671436200
        }]
}