{
    "initial_path": {
        "length": 8556.352942329768,
        "vertices": [43, 74, 70, 53, 2, 29, 63, 86, 31, 59, 3, 66, 14, 77, 98, 94, 24, 37, 36, 4, 82, 28, 7, 33, 62, 0, 56, 6, 30, 45, 91, 61, 22, 21, 60, 75, 1, 96, 50, 26, 64, 80, 5, 93, 8, 51, 89, 85, 67, 76, 87, 65, 55, 48, 12, 32, 18, 46, 27, 16, 90, 23, 57, 35, 69, 68, 73, 97, 92, 52, 15, 13, 9, 71, 47, 88, 83, 49, 84, 20, 41, 78, 11, 40, 34, 58, 79, 10, 25, 39, 19, 42, 38, 72, 95, 17, 44, 81, 54, 43]
    },
    "solutions": [
        {
            "algorithm_name": "opt-2",
            "path": {
                "length": 1437.8895166493892,
                "vertices": [43, 33, 34, 35, 36, 38, 37, 45, 46, 47, 48, 49, 40, 39, 29, 27, 26, 25, 17, 9, 10, 0, 91, 90, 81, 78, 79, 80, 82, 83, 92, 2, 1, 11, 21, 20, 19, 18, 28, 30, 31, 22, 13, 12, 3, 4, 94, 93, 85, 84, 76, 67, 66, 75, 74, 65, 64, 73, 72, 71, 70, 62, 63, 58, 57, 56, 55, 54, 53, 52, 61, 60, 51, 50, 59, 69, 68, 77, 86, 87, 95, 96, 97, 88, 89, 98, 8, 7, 6, 5, 14, 15, 16, 24, 23, 32, 41, 42, 44, 43]
            },
            "time": 8793900
        },
        {
            "algorithm_name": "opt-3",
            "path": {
                "length": 1221.0303491971472,
                "vertices": [43, 42, 41, 33, 32, 23, 24, 25, 26, 27, 18, 17, 16, 15, 14, 6, 7, 5, 95, 96, 87, 97, 88, 89, 90, 91, 92, 83, 82, 81, 80, 79, 78, 86, 77, 68, 69, 70, 71, 62, 61, 60, 59, 50, 51, 52, 53, 63, 54, 55, 56, 57, 58, 67, 66, 65, 64, 72, 73, 74, 75, 76, 84, 85, 93, 94, 4, 3, 2, 1, 0, 98, 8, 9, 10, 11, 12, 13, 22, 31, 30, 21, 20, 19, 28, 29, 38, 37, 39, 40, 49, 48, 47, 46, 45, 36, 35, 34, 44, 43]
            },
            "time": 764597100
        }]
}