{
    "initial_path": {
        "length": 344772.87388997443,
        "vertices": [189, 64, 141, 111, 104, 82, 99, 144, 7, 188, 137, 56, 62, 32, 154, 195, 67, 77, 76, 13, 19, 157, 146, 10, 28, 178, 197, 128, 94, 175, 194, 44, 184, 63, 106, 4, 160, 113, 172, 3, 125, 132, 96, 166, 57, 47, 152, 40, 34, 54, 83, 180, 127, 23, 187, 183, 78, 41, 149, 25, 110, 20, 176, 109, 105, 29, 91, 61, 37, 163, 196, 162, 177, 179, 138, 69, 198, 167, 143, 87, 112, 75, 36, 65, 22, 103, 130, 30, 145, 9, 126, 170, 31, 155, 33, 48, 131, 43, 50, 120, 117, 21, 2, 119, 27, 24, 89, 66, 156, 80, 95, 72, 17, 124, 122, 39, 93, 101, 136, 49, 15, 60, 42, 71, 135, 185, 174, 14, 140, 108, 102, 118, 100, 0, 86, 133, 92, 182, 168, 90, 115, 73, 139, 11, 107, 116, 199, 150, 121, 148, 161, 134, 173, 84, 98, 164, 192, 1, 165, 59, 153, 74, 5, 186, 159, 151, 45, 68, 171, 114, 38, 79, 158, 181, 55, 85, 97, 12, 142, 70, 81, 35, 51, 193, 26, 190, 129, 58, 46, 8, 123, 88, 52, 169, 16, 191, 18, 53, 6, 147, 189]
    },
    "solutions": [
        {
            "algorithm_name": "opt-2",
            "path": {
                "length": 32425.885472433016,
                "vertices": [189, 100, 194, 197, 73, 111, 60, 126, 133, 68, 14, 72, 38, 187, 122, 121, 70, 3, 154, 43, 92, 59, 52, 123, 61, 34, 36, 195, 18, 191, 50, 118, 99, 1, 29, 143, 47, 140, 91, 116, 135, 144, 117, 4, 176, 2, 115, 101, 8, 141, 9, 112, 54, 177, 86, 25, 162, 130, 147, 181, 163, 132, 46, 20, 55, 94, 150, 27, 11, 114, 105, 103, 182, 81, 186, 13, 67, 32, 165, 44, 173, 64, 159, 85, 95, 188, 142, 84, 17, 113, 24, 19, 5, 82, 39, 58, 149, 63, 42, 76, 90, 53, 153, 62, 15, 151, 157, 183, 106, 156, 75, 79, 193, 77, 98, 30, 56, 71, 134, 160, 170, 6, 74, 66, 131, 128, 107, 198, 35, 158, 175, 196, 190, 28, 127, 57, 102, 110, 192, 21, 184, 172, 41, 109, 10, 93, 139, 16, 89, 88, 152, 69, 138, 48, 169, 97, 166, 96, 104, 31, 161, 155, 199, 125, 168, 49, 0, 26, 23, 164, 87, 178, 12, 180, 78, 146, 40, 83, 136, 171, 124, 108, 145, 45, 7, 65, 51, 137, 119, 179, 174, 129, 80, 33, 37, 185, 148, 167, 22, 120, 189]
            },
            "time": 68347800
        },
        {
            "algorithm_name": "opt-3",
            "path": {
                "length": 31054.77938897226,
                "vertices": [189, 120, 22, 41, 109, 167, 148, 185, 37, 65, 7, 51, 137, 119, 179, 80, 33, 129, 174, 26, 23, 164, 40, 83, 136, 171, 14, 68, 106, 183, 157, 151, 15, 62, 153, 53, 90, 76, 42, 63, 142, 95, 85, 188, 84, 58, 149, 154, 52, 123, 117, 4, 176, 115, 2, 82, 39, 5, 17, 81, 182, 103, 105, 132, 114, 11, 27, 46, 181, 163, 113, 24, 19, 141, 101, 8, 9, 20, 55, 150, 94, 147, 130, 162, 25, 86, 112, 54, 177, 116, 91, 140, 144, 135, 18, 195, 36, 118, 50, 191, 99, 1, 47, 143, 29, 34, 61, 59, 43, 92, 3, 70, 121, 122, 187, 38, 72, 146, 87, 178, 12, 78, 180, 155, 199, 0, 49, 168, 125, 161, 93, 31, 104, 96, 166, 139, 16, 89, 10, 88, 138, 97, 169, 48, 69, 152, 172, 184, 21, 192, 110, 102, 57, 127, 28, 190, 196, 175, 198, 107, 128, 35, 158, 74, 66, 131, 6, 197, 194, 100, 73, 111, 60, 170, 126, 75, 160, 134, 71, 56, 30, 98, 44, 165, 32, 67, 13, 186, 159, 64, 173, 77, 193, 79, 156, 133, 108, 124, 145, 45, 189]
            },
            "time": 6622697700
        }]
}