{
    "initial_path": {
        "length": 587766.7635820259,
        "vertices": [268, 19, 297, 94, 76, 26, 288, 15, 13, 78, 112, 292, 185, 271, 171, 86, 25, 83, 242, 146, 244, 105, 66, 42, 161, 93, 279, 33, 227, 110, 51, 98, 293, 37, 192, 238, 189, 298, 22, 92, 261, 48, 200, 141, 237, 24, 155, 68, 283, 69, 129, 316, 30, 257, 130, 55, 158, 115, 153, 128, 138, 231, 196, 199, 154, 168, 64, 215, 16, 218, 206, 294, 124, 229, 32, 239, 290, 309, 177, 162, 106, 96, 17, 180, 251, 277, 259, 70, 266, 2, 111, 147, 119, 217, 56, 145, 62, 305, 291, 121, 49, 5, 287, 186, 182, 208, 263, 61, 81, 12, 190, 222, 169, 211, 134, 47, 269, 114, 232, 71, 133, 99, 247, 107, 108, 202, 241, 296, 207, 183, 44, 234, 120, 265, 143, 50, 174, 122, 132, 213, 175, 10, 195, 314, 63, 262, 163, 4, 252, 184, 65, 308, 264, 57, 286, 193, 276, 170, 142, 295, 117, 29, 243, 313, 85, 102, 0, 59, 179, 270, 315, 312, 151, 224, 109, 113, 14, 210, 197, 34, 178, 258, 233, 201, 282, 249, 135, 317, 187, 43, 176, 209, 216, 7, 139, 150, 40, 38, 219, 272, 304, 164, 144, 203, 35, 60, 9, 310, 166, 125, 225, 160, 73, 52, 72, 260, 204, 235, 23, 165, 90, 250, 116, 253, 45, 280, 191, 198, 18, 80, 172, 157, 136, 84, 82, 1, 246, 248, 75, 67, 281, 87, 123, 267, 131, 140, 74, 245, 220, 254, 226, 214, 303, 275, 91, 301, 21, 36, 285, 20, 212, 152, 54, 278, 255, 148, 58, 101, 181, 205, 31, 149, 104, 230, 97, 256, 159, 6, 300, 228, 46, 306, 8, 100, 103, 240, 194, 53, 299, 302, 236, 27, 3, 95, 127, 284, 221, 89, 307, 88, 39, 311, 41, 118, 173, 289, 28, 167, 77, 11, 274, 126, 79, 273, 188, 137, 156, 223, 268]
    },
    "solutions": [
        {
            "algorithm_name": "opt-2",
            "path": {
                "length": 46949.821013481946,
                "vertices": [268, 277, 276, 65, 71, 72, 79, 297, 298, 90, 95, 99, 301, 302, 300, 299, 290, 287, 282, 289, 288, 281, 280, 279, 275, 272, 271, 266, 264, 265, 269, 270, 162, 163, 273, 274, 278, 48, 283, 286, 291, 296, 49, 308, 311, 312, 303, 196, 197, 193, 192, 295, 294, 293, 292, 285, 284, 171, 172, 167, 166, 170, 161, 159, 160, 164, 165, 168, 169, 173, 179, 180, 187, 190, 189, 188, 261, 178, 181, 186, 191, 185, 182, 177, 174, 175, 176, 183, 184, 194, 195, 200, 199, 201, 204, 210, 211, 216, 215, 212, 209, 205, 202, 262, 198, 156, 157, 207, 203, 206, 208, 213, 214, 217, 263, 222, 225, 226, 229, 236, 240, 241, 243, 249, 250, 254, 255, 259, 260, 251, 256, 257, 248, 247, 244, 242, 237, 235, 230, 231, 234, 238, 239, 233, 232, 227, 228, 220, 221, 224, 219, 218, 4, 50, 1, 0, 313, 2, 317, 314, 310, 307, 304, 305, 306, 309, 315, 316, 3, 7, 8, 15, 14, 19, 20, 26, 35, 34, 31, 25, 21, 18, 9, 223, 16, 13, 12, 17, 22, 24, 29, 23, 27, 28, 30, 245, 246, 252, 253, 258, 47, 46, 42, 41, 37, 36, 38, 43, 44, 45, 152, 151, 147, 146, 40, 39, 142, 141, 143, 148, 149, 140, 139, 136, 130, 126, 123, 125, 131, 145, 150, 144, 138, 137, 116, 115, 158, 110, 111, 120, 124, 119, 117, 118, 121, 122, 127, 129, 134, 128, 132, 133, 135, 32, 33, 11, 10, 6, 5, 109, 114, 112, 113, 108, 107, 155, 106, 105, 100, 98, 94, 97, 101, 104, 103, 102, 96, 93, 91, 92, 89, 88, 85, 84, 63, 54, 55, 64, 87, 86, 154, 83, 76, 75, 68, 67, 66, 69, 74, 77, 70, 73, 78, 80, 81, 82, 153, 62, 59, 58, 53, 61, 60, 57, 56, 52, 51, 267, 268]
            },
            "time": 139907300
        },
        {
            "algorithm_name": "opt-3",
            "path": {
                "length": 43419.45753909488,
                "vertices": [268, 267, 52, 51, 53, 58, 59, 55, 54, 63, 64, 84, 85, 88, 89, 158, 110, 111, 115, 116, 137, 138, 144, 145, 150, 149, 148, 140, 139, 143, 136, 129, 127, 122, 123, 126, 130, 131, 125, 124, 119, 120, 113, 112, 114, 117, 118, 121, 128, 132, 133, 134, 135, 32, 33, 141, 142, 146, 147, 151, 152, 45, 39, 40, 44, 43, 35, 34, 38, 31, 30, 245, 246, 36, 37, 41, 42, 46, 47, 258, 252, 253, 257, 256, 248, 247, 251, 260, 259, 255, 254, 250, 249, 243, 242, 241, 240, 236, 229, 226, 225, 222, 230, 235, 237, 244, 238, 234, 231, 239, 233, 232, 227, 228, 224, 223, 12, 13, 16, 23, 27, 28, 29, 24, 22, 17, 9, 18, 21, 25, 26, 20, 19, 14, 15, 7, 8, 11, 10, 6, 5, 109, 155, 106, 105, 100, 98, 95, 99, 90, 154, 94, 97, 101, 104, 107, 108, 103, 102, 96, 93, 91, 92, 87, 86, 76, 75, 68, 67, 66, 77, 74, 69, 62, 65, 71, 72, 79, 153, 70, 73, 78, 83, 80, 81, 82, 297, 298, 301, 302, 300, 299, 305, 304, 306, 309, 315, 316, 3, 2, 317, 314, 310, 307, 49, 303, 312, 308, 311, 313, 0, 1, 50, 4, 218, 219, 221, 220, 263, 217, 214, 213, 208, 206, 203, 207, 157, 156, 198, 262, 202, 205, 209, 212, 215, 216, 211, 210, 204, 201, 199, 200, 195, 194, 191, 190, 189, 188, 187, 180, 179, 261, 173, 169, 168, 165, 164, 160, 159, 161, 170, 178, 181, 186, 177, 182, 185, 184, 183, 176, 174, 175, 166, 167, 163, 162, 264, 265, 269, 270, 273, 274, 171, 172, 192, 193, 197, 196, 295, 294, 293, 296, 291, 286, 283, 48, 292, 285, 284, 278, 275, 266, 271, 272, 279, 282, 287, 290, 289, 288, 281, 280, 277, 276, 61, 60, 57, 56, 268]
            },
            "time": 33680013400
        }]
}