{
    "initial_path": {
        "length": 170998.6794054108,
        "vertices": [50, 96, 85, 31, 67, 90, 20, 65, 52, 98, 38, 72, 48, 58, 53, 42, 47, 4, 68, 56, 9, 12, 44, 93, 74, 13, 43, 77, 6, 22, 41, 37, 19, 86, 34, 21, 32, 94, 82, 99, 62, 70, 39, 76, 92, 23, 0, 97, 54, 14, 81, 26, 57, 88, 25, 59, 11, 24, 18, 15, 89, 33, 29, 51, 27, 17, 64, 73, 69, 10, 46, 75, 5, 60, 61, 7, 16, 91, 28, 30, 55, 80, 66, 1, 84, 40, 63, 79, 78, 8, 83, 3, 35, 71, 49, 95, 45, 2, 36, 87, 50]
    },
    "solutions": [
        {
            "algorithm_name": "opt-2",
            "path": {
                "length": 23061.81282178243,
                "vertices": [50, 57, 91, 38, 80, 29, 5, 46, 53, 14, 75, 15, 68, 24, 41, 55, 98, 39, 12, 96, 21, 59, 33, 28, 2, 37, 65, 19, 71, 43, 67, 73, 87, 48, 85, 70, 23, 8, 66, 64, 60, 81, 94, 40, 47, 72, 26, 9, 11, 84, 35, 76, 61, 69, 56, 58, 6, 36, 0, 74, 30, 17, 34, 4, 32, 83, 78, 95, 92, 52, 63, 20, 90, 49, 97, 79, 88, 45, 27, 1, 54, 86, 82, 25, 62, 44, 31, 51, 3, 89, 13, 93, 99, 22, 18, 10, 7, 16, 77, 42, 50]
            },
            "time": 11062900
        },
        {
            "algorithm_name": "opt-3",
            "path": {
                "length": 21452.978889717022,
                "vertices": [50, 12, 39, 98, 55, 41, 57, 91, 38, 80, 29, 5, 46, 24, 68, 53, 14, 75, 15, 19, 71, 43, 65, 37, 2, 28, 67, 73, 87, 48, 85, 33, 59, 21, 70, 23, 8, 66, 64, 60, 81, 96, 40, 94, 47, 72, 26, 9, 11, 84, 35, 76, 61, 69, 6, 58, 56, 4, 32, 83, 78, 95, 92, 52, 63, 20, 90, 49, 97, 79, 88, 45, 27, 1, 54, 86, 82, 25, 62, 44, 31, 34, 17, 22, 99, 93, 51, 3, 89, 13, 18, 30, 74, 36, 0, 10, 7, 16, 77, 42, 50]
            },
            "time": 822303600
        }]
}