{
    "initial_path": {
        "length": 265093.5673795875,
        "vertices": [114, 99, 53, 100, 131, 15, 138, 74, 38, 85, 11, 26, 113, 18, 97, 112, 25, 7, 27, 75, 119, 41, 111, 115, 118, 136, 43, 71, 48, 6, 55, 84, 89, 98, 58, 126, 149, 0, 59, 10, 146, 32, 42, 72, 64, 148, 105, 82, 65, 121, 63, 94, 23, 101, 69, 130, 83, 70, 54, 45, 81, 57, 36, 88, 60, 39, 37, 73, 34, 5, 96, 78, 76, 134, 12, 107, 52, 16, 92, 87, 49, 103, 95, 86, 129, 77, 128, 2, 110, 47, 91, 13, 137, 51, 44, 144, 20, 127, 35, 79, 132, 19, 108, 143, 1, 102, 46, 30, 61, 3, 40, 21, 116, 140, 68, 142, 50, 123, 14, 122, 8, 120, 141, 22, 24, 125, 4, 135, 90, 66, 104, 80, 31, 56, 147, 106, 67, 29, 117, 139, 124, 109, 133, 93, 17, 28, 33, 62, 145, 9, 114]
    },
    "solutions": [
        {
            "algorithm_name": "opt-2",
            "path": {
                "length": 29060.570750915384,
                "vertices": [114, 138, 68, 38, 124, 147, 143, 32, 141, 29, 66, 72, 57, 62, 13, 116, 46, 105, 4, 63, 130, 67, 43, 21, 149, 93, 78, 140, 139, 42, 48, 100, 53, 144, 96, 18, 90, 12, 127, 58, 61, 92, 98, 112, 28, 35, 26, 23, 110, 51, 133, 65, 148, 95, 146, 37, 84, 8, 3, 30, 14, 123, 80, 137, 16, 82, 54, 75, 121, 85, 91, 89, 106, 33, 15, 119, 97, 22, 55, 17, 102, 132, 135, 99, 5, 142, 9, 59, 64, 69, 11, 49, 125, 1, 34, 134, 136, 74, 109, 10, 101, 94, 131, 81, 83, 41, 108, 7, 129, 86, 73, 44, 39, 47, 52, 117, 120, 103, 36, 31, 25, 45, 104, 56, 77, 60, 115, 145, 24, 88, 122, 126, 2, 20, 79, 111, 27, 70, 107, 0, 87, 19, 50, 6, 71, 113, 40, 118, 76, 128, 114]
            },
            "time": 30454800
        },
        {
            "algorithm_name": "opt-3",
            "path": {
                "length": 26908.423088101896,
                "vertices": [114, 138, 143, 147, 142, 9, 64, 59, 108, 7, 129, 41, 83, 81, 131, 69, 11, 125, 49, 99, 5, 135, 132, 32, 141, 72, 66, 29, 102, 17, 55, 121, 75, 54, 16, 82, 57, 62, 13, 105, 4, 46, 116, 63, 130, 67, 43, 21, 149, 93, 78, 139, 42, 48, 100, 53, 140, 144, 96, 18, 90, 12, 127, 58, 61, 3, 30, 14, 123, 80, 137, 37, 84, 8, 92, 98, 112, 28, 35, 26, 23, 110, 51, 146, 95, 148, 133, 65, 91, 89, 85, 106, 33, 119, 15, 22, 97, 34, 1, 134, 136, 74, 109, 10, 101, 94, 86, 73, 44, 39, 47, 117, 52, 60, 115, 145, 24, 122, 88, 77, 120, 103, 56, 36, 31, 104, 45, 25, 113, 20, 2, 126, 79, 111, 71, 27, 70, 107, 0, 87, 19, 50, 6, 40, 124, 118, 38, 68, 76, 128, 114]
            },
            "time": 2727661900
        }]
}