{
    "initial_path": {
        "length": 593373.7351183201,
        "vertices": [35, 19, 40, 26, 11, 61, 70, 2, 67, 55, 47, 6, 13, 15, 43, 24, 29, 12, 36, 31, 3, 25, 74, 33, 21, 62, 53, 42, 56, 71, 72, 48, 30, 45, 57, 14, 28, 0, 66, 16, 1, 34, 39, 9, 69, 37, 75, 7, 20, 59, 5, 8, 68, 18, 38, 73, 41, 50, 49, 65, 17, 52, 32, 54, 22, 46, 64, 23, 27, 4, 44, 51, 58, 60, 63, 10, 35]
    },
    "solutions": [
        {
            "algorithm_name": "opt-2",
            "path": {
                "length": 117905.5157324875,
                "vertices": [35, 51, 50, 52, 53, 54, 55, 74, 73, 75, 0, 21, 2, 1, 71, 72, 69, 70, 65, 4, 3, 15, 14, 13, 12, 27, 26, 17, 16, 19, 20, 22, 23, 18, 24, 25, 34, 33, 32, 31, 28, 29, 30, 11, 10, 9, 5, 8, 6, 7, 61, 62, 58, 59, 60, 38, 37, 36, 39, 40, 41, 42, 57, 63, 64, 66, 67, 68, 56, 48, 49, 47, 46, 43, 44, 45, 35]
            },
            "time": 7710100
        },
        {
            "algorithm_name": "opt-3",
            "path": {
                "length": 112629.6331322195,
                "vertices": [35, 51, 50, 49, 46, 45, 44, 43, 41, 40, 39, 36, 37, 38, 60, 59, 58, 62, 61, 7, 6, 5, 64, 63, 65, 4, 3, 15, 14, 13, 16, 17, 12, 11, 10, 9, 8, 30, 29, 31, 28, 27, 26, 32, 33, 34, 25, 24, 18, 19, 23, 22, 20, 21, 2, 1, 0, 75, 55, 74, 73, 72, 71, 70, 69, 66, 67, 68, 56, 57, 42, 47, 48, 54, 53, 52, 35]
            },
            "time": 257747900
        }]
}