{
    "initial_path": {
        "length": 177071.5841163583,
        "vertices": [63, 7, 23, 48, 19, 66, 59, 27, 6, 3, 55, 46, 96, 1, 47, 62, 2, 50, 49, 61, 26, 39, 11, 72, 38, 89, 37, 5, 75, 29, 45, 88, 74, 52, 87, 44, 41, 20, 51, 91, 60, 73, 84, 82, 57, 4, 94, 90, 31, 70, 17, 71, 54, 77, 83, 42, 22, 24, 58, 40, 67, 9, 30, 25, 34, 16, 15, 53, 76, 14, 69, 56, 0, 80, 33, 32, 97, 64, 10, 13, 78, 85, 28, 99, 8, 68, 92, 18, 93, 43, 12, 81, 98, 35, 95, 21, 86, 36, 65, 79, 63]
    },
    "solutions": [
        {
            "algorithm_name": "opt-2",
            "path": {
                "length": 24408.07239342901,
                "vertices": [63, 93, 21, 57, 14, 54, 91, 97, 17, 87, 82, 71, 39, 79, 42, 40, 88, 92, 35, 68, 43, 67, 73, 78, 49, 27, 2, 83, 4, 55, 19, 86, 26, 34, 45, 60, 51, 53, 31, 16, 76, 36, 90, 24, 41, 62, 58, 15, 80, 6, 29, 46, 74, 3, 59, 9, 99, 98, 11, 5, 69, 64, 72, 77, 85, 8, 47, 0, 18, 96, 52, 95, 75, 28, 30, 38, 20, 10, 65, 22, 32, 50, 23, 70, 56, 25, 61, 81, 44, 13, 7, 12, 33, 66, 48, 94, 89, 84, 37, 1, 63]
            },
            "time": 11705900
        },
        {
            "algorithm_name": "opt-3",
            "path": {
                "length": 22829.15728602422,
                "vertices": [63, 1, 93, 21, 38, 30, 28, 75, 95, 52, 96, 18, 0, 47, 8, 44, 85, 77, 72, 13, 11, 5, 64, 69, 98, 99, 9, 59, 29, 6, 80, 58, 36, 90, 76, 16, 31, 53, 51, 60, 45, 34, 26, 86, 83, 2, 27, 49, 78, 73, 67, 43, 68, 35, 92, 40, 4, 55, 19, 41, 24, 62, 15, 79, 42, 88, 71, 82, 87, 17, 97, 39, 91, 54, 57, 14, 46, 74, 3, 94, 48, 66, 33, 89, 84, 37, 12, 7, 81, 61, 25, 56, 70, 23, 50, 32, 22, 65, 20, 10, 63]
            },
            "time": 621919600
        }]
}