{
    "initial_path": {
        "length": 1019607.5778839965,
        "vertices": [124, 61, 70, 136, 119, 77, 29, 75, 74, 137, 104, 5, 92, 81, 123, 111, 148, 66, 110, 76, 39, 100, 32, 12, 107, 115, 80, 13, 146, 15, 50, 94, 91, 43, 150, 68, 2, 71, 19, 113, 112, 106, 90, 109, 83, 14, 46, 103, 26, 86, 1, 42, 128, 96, 73, 23, 49, 0, 138, 149, 69, 125, 67, 21, 89, 18, 10, 9, 47, 129, 40, 34, 151, 126, 87, 24, 56, 131, 17, 59, 133, 147, 28, 11, 72, 35, 127, 134, 93, 78, 139, 55, 51, 20, 142, 98, 57, 52, 88, 99, 60, 105, 38, 8, 101, 7, 41, 116, 95, 4, 117, 82, 102, 30, 3, 79, 108, 64, 132, 16, 145, 120, 54, 144, 62, 44, 48, 118, 6, 25, 135, 22, 36, 31, 140, 53, 33, 130, 45, 122, 63, 65, 27, 84, 121, 143, 85, 37, 114, 97, 58, 141, 124]
    },
    "solutions": [
        {
            "algorithm_name": "opt-2",
            "path": {
                "length": 77827.17360562512,
                "vertices": [124, 125, 151, 149, 0, 17, 16, 47, 48, 49, 75, 73, 74, 50, 51, 46, 45, 52, 53, 72, 71, 70, 54, 55, 44, 43, 56, 57, 69, 68, 67, 58, 59, 42, 66, 65, 64, 62, 63, 40, 61, 60, 41, 33, 32, 31, 8, 7, 116, 135, 136, 137, 117, 133, 134, 139, 138, 9, 30, 29, 28, 6, 10, 27, 34, 35, 5, 11, 26, 25, 24, 4, 140, 132, 118, 141, 142, 143, 131, 130, 119, 101, 100, 99, 114, 98, 97, 95, 96, 94, 115, 93, 92, 84, 83, 85, 82, 86, 81, 87, 80, 88, 102, 103, 113, 79, 89, 104, 105, 106, 78, 90, 107, 108, 112, 77, 91, 109, 111, 76, 110, 120, 129, 144, 121, 127, 128, 147, 146, 145, 13, 3, 12, 23, 36, 37, 22, 21, 20, 2, 14, 19, 38, 39, 18, 15, 1, 122, 126, 148, 150, 123, 124]
            },
            "time": 29078500
        },
        {
            "algorithm_name": "opt-3",
            "path": {
                "length": 74151.09373001869,
                "vertices": [124, 125, 151, 149, 0, 16, 17, 18, 15, 1, 14, 19, 38, 39, 47, 48, 49, 75, 73, 74, 50, 51, 46, 45, 52, 53, 72, 71, 70, 54, 55, 44, 43, 56, 57, 69, 68, 67, 58, 59, 42, 41, 60, 61, 66, 65, 64, 62, 63, 40, 33, 32, 31, 8, 7, 116, 135, 136, 137, 117, 133, 134, 139, 138, 6, 9, 30, 29, 28, 10, 27, 34, 35, 5, 11, 26, 25, 24, 4, 12, 23, 36, 37, 3, 13, 22, 21, 20, 2, 146, 147, 128, 127, 121, 145, 144, 129, 120, 119, 130, 131, 143, 142, 141, 140, 132, 118, 115, 93, 92, 84, 83, 85, 94, 96, 95, 82, 86, 97, 98, 114, 81, 87, 99, 100, 101, 80, 88, 102, 103, 113, 79, 89, 104, 105, 106, 78, 90, 107, 108, 112, 77, 91, 76, 110, 111, 109, 122, 126, 148, 150, 123, 124]
            },
            "time": 2192174600
        }]
}