{
    "initial_path": {
        "length": 198459.5208826914,
        "vertices": [168, 63, 17, 25, 116, 120, 115, 145, 34, 188, 59, 38, 82, 118, 22, 69, 183, 14, 41, 117, 37, 112, 35, 74, 166, 36, 39, 129, 196, 128, 61, 137, 6, 90, 152, 159, 170, 150, 12, 106, 148, 97, 57, 109, 164, 138, 105, 147, 102, 146, 171, 160, 176, 157, 70, 184, 65, 2, 178, 9, 122, 101, 175, 131, 55, 149, 191, 139, 58, 29, 169, 177, 56, 77, 54, 76, 167, 94, 51, 32, 103, 190, 33, 162, 80, 83, 110, 92, 154, 44, 187, 71, 158, 78, 68, 49, 23, 79, 67, 99, 123, 132, 156, 165, 88, 1, 5, 72, 30, 87, 43, 19, 136, 91, 189, 193, 144, 48, 95, 42, 10, 107, 16, 31, 15, 40, 124, 192, 182, 125, 173, 140, 62, 7, 141, 161, 111, 151, 134, 53, 181, 60, 47, 130, 50, 66, 127, 133, 180, 126, 13, 20, 142, 155, 75, 186, 143, 21, 98, 104, 172, 96, 11, 0, 4, 135, 185, 3, 18, 121, 179, 26, 153, 108, 64, 86, 113, 163, 119, 194, 73, 114, 85, 24, 28, 197, 195, 100, 27, 8, 174, 84, 46, 81, 52, 89, 45, 93, 168]
    },
    "solutions": [
        {
            "algorithm_name": "opt-2",
            "path": {
                "length": 16517.78237285048,
                "vertices": [168, 182, 185, 197, 196, 195, 187, 188, 194, 179, 175, 174, 163, 150, 151, 160, 173, 180, 186, 181, 172, 164, 159, 152, 143, 136, 112, 127, 129, 130, 135, 134, 144, 145, 149, 162, 176, 178, 177, 190, 189, 191, 192, 193, 1, 2, 3, 4, 5, 14, 13, 12, 6, 7, 11, 10, 9, 20, 19, 18, 17, 16, 15, 22, 21, 23, 24, 69, 25, 26, 70, 27, 28, 29, 36, 37, 44, 45, 46, 49, 52, 53, 48, 47, 43, 41, 35, 33, 30, 31, 32, 34, 40, 42, 38, 39, 54, 55, 56, 57, 58, 59, 60, 61, 62, 50, 51, 63, 64, 65, 66, 72, 71, 90, 91, 88, 92, 93, 86, 87, 96, 97, 98, 95, 94, 79, 85, 84, 80, 78, 77, 75, 74, 73, 76, 81, 83, 89, 82, 68, 67, 8, 161, 147, 146, 148, 133, 137, 132, 131, 128, 126, 121, 120, 125, 124, 123, 122, 119, 118, 117, 116, 115, 114, 113, 138, 139, 102, 101, 99, 100, 105, 104, 103, 106, 107, 108, 109, 110, 111, 184, 0, 183, 169, 167, 156, 155, 140, 141, 154, 142, 153, 158, 157, 166, 170, 171, 165, 168]
            },
            "time": 72517800
        },
        {
            "algorithm_name": "opt-3",
            "path": {
                "length": 15986.721026364401,
                "vertices": [168, 171, 182, 185, 197, 186, 196, 195, 187, 188, 173, 180, 181, 172, 164, 159, 152, 143, 160, 151, 144, 150, 163, 179, 194, 193, 192, 1, 191, 2, 3, 4, 15, 22, 21, 16, 17, 18, 19, 20, 23, 39, 54, 55, 56, 57, 58, 59, 38, 24, 69, 25, 26, 30, 31, 32, 34, 33, 35, 36, 44, 45, 46, 43, 41, 40, 42, 47, 48, 53, 60, 61, 62, 52, 49, 50, 51, 63, 64, 65, 66, 72, 37, 29, 27, 70, 28, 71, 90, 89, 88, 91, 87, 92, 93, 86, 96, 97, 98, 95, 94, 79, 85, 84, 80, 78, 75, 74, 73, 76, 77, 81, 83, 82, 68, 67, 8, 9, 10, 11, 7, 6, 12, 13, 14, 5, 190, 189, 178, 177, 161, 147, 146, 148, 162, 176, 175, 174, 149, 145, 137, 133, 132, 125, 124, 123, 122, 119, 118, 117, 116, 121, 120, 126, 127, 128, 131, 134, 135, 130, 129, 136, 142, 153, 154, 141, 140, 139, 138, 113, 112, 115, 114, 99, 100, 105, 104, 101, 102, 103, 106, 107, 108, 109, 110, 111, 155, 156, 167, 169, 184, 0, 183, 170, 166, 157, 158, 165, 168]
            },
            "time": 6424519500
        }]
}