{
    "initial_path": {
        "length": 57733.76427132674,
        "vertices": [49, 28, 84, 37, 77, 45, 39, 97, 70, 50, 12, 74, 68, 71, 26, 34, 8, 10, 54, 58, 2, 75, 4, 35, 67, 25, 20, 15, 88, 29, 24, 93, 44, 42, 98, 13, 79, 31, 51, 57, 23, 86, 6, 92, 69, 95, 82, 32, 91, 76, 19, 22, 33, 64, 27, 36, 66, 53, 55, 7, 63, 56, 62, 0, 5, 61, 90, 80, 3, 81, 47, 60, 65, 85, 16, 38, 11, 87, 89, 18, 41, 46, 21, 59, 9, 40, 72, 17, 78, 1, 48, 73, 52, 83, 96, 99, 43, 14, 30, 94, 49]
    },
    "solutions": [
        {
            "algorithm_name": "opt-2",
            "path": {
                "length": 8460.90733016724,
                "vertices": [49, 88, 45, 4, 89, 92, 74, 73, 91, 56, 83, 90, 71, 54, 10, 60, 13, 40, 30, 79, 97, 29, 14, 39, 0, 32, 17, 20, 57, 18, 9, 50, 67, 11, 36, 63, 61, 34, 31, 24, 70, 98, 35, 64, 12, 46, 16, 62, 52, 53, 81, 27, 58, 75, 23, 69, 82, 59, 76, 41, 66, 21, 19, 87, 3, 68, 22, 99, 95, 5, 86, 77, 42, 26, 44, 8, 15, 47, 43, 55, 28, 2, 48, 96, 85, 6, 65, 80, 33, 37, 25, 7, 38, 51, 72, 84, 78, 93, 94, 1, 49]
            },
            "time": 13507800
        },
        {
            "algorithm_name": "opt-3",
            "path": {
                "length": 8462.169790961247,
                "vertices": [49, 78, 84, 72, 51, 38, 7, 37, 33, 80, 65, 43, 47, 15, 25, 8, 44, 26, 42, 77, 86, 68, 5, 95, 99, 22, 3, 87, 19, 21, 66, 41, 76, 82, 59, 28, 55, 2, 96, 48, 52, 27, 69, 23, 75, 58, 81, 53, 24, 98, 70, 31, 34, 61, 63, 36, 11, 67, 50, 9, 57, 20, 17, 32, 0, 39, 18, 64, 12, 35, 46, 16, 62, 13, 40, 30, 29, 14, 97, 79, 71, 90, 91, 73, 92, 74, 4, 45, 88, 89, 56, 83, 54, 10, 60, 85, 6, 1, 94, 93, 49]
            },
            "time": 599697600
        }]
}