{
    "initial_path": {
        "length": 749816.9395609273,
        "vertices": [313, 318, 21, 82, 238, 33, 230, 280, 156, 174, 413, 132, 392, 328, 378, 46, 265, 209, 300, 198, 129, 363, 352, 434, 347, 327, 252, 284, 220, 357, 138, 12, 118, 271, 429, 111, 102, 310, 430, 172, 112, 50, 97, 351, 201, 11, 330, 189, 286, 264, 215, 154, 361, 73, 98, 427, 255, 232, 104, 270, 341, 391, 298, 249, 187, 128, 127, 227, 245, 293, 114, 99, 432, 66, 166, 344, 44, 348, 299, 225, 303, 390, 240, 96, 135, 100, 25, 290, 336, 428, 207, 153, 152, 210, 223, 320, 258, 241, 92, 185, 294, 420, 279, 266, 439, 108, 69, 126, 239, 418, 316, 314, 325, 409, 194, 359, 282, 94, 257, 236, 42, 2, 308, 41, 395, 309, 199, 389, 87, 146, 38, 30, 122, 162, 375, 64, 191, 133, 78, 59, 167, 163, 305, 142, 35, 79, 304, 277, 289, 10, 23, 117, 337, 3, 292, 291, 136, 346, 24, 307, 125, 302, 381, 244, 4, 248, 412, 260, 103, 197, 349, 182, 56, 57, 285, 217, 158, 393, 147, 170, 323, 322, 377, 287, 9, 231, 213, 386, 275, 37, 31, 356, 281, 253, 151, 362, 32, 332, 364, 345, 233, 372, 368, 17, 89, 190, 334, 335, 373, 355, 267, 77, 399, 297, 376, 48, 58, 254, 350, 397, 45, 263, 214, 436, 288, 86, 47, 165, 360, 211, 312, 124, 383, 188, 179, 119, 84, 311, 43, 54, 22, 107, 93, 168, 243, 315, 88, 221, 369, 423, 26, 382, 365, 181, 435, 237, 414, 145, 380, 141, 72, 53, 410, 208, 16, 396, 319, 19, 157, 440, 90, 91, 256, 134, 40, 140, 34, 14, 408, 326, 144, 202, 106, 95, 39, 52, 385, 65, 178, 196, 274, 120, 422, 404, 149, 75, 224, 278, 60, 424, 425, 295, 5, 70, 212, 259, 63, 384, 374, 339, 387, 148, 370, 343, 262, 15, 431, 116, 81, 193, 71, 0, 131, 317, 8, 177, 115, 371, 321, 329, 219, 28, 331, 109, 68, 246, 415, 338, 416, 342, 400, 276, 426, 358, 176, 55, 407, 110, 388, 186, 366, 195, 228, 261, 49, 283, 7, 18, 85, 296, 353, 161, 160, 137, 379, 184, 250, 101, 143, 150, 130, 62, 206, 36, 406, 367, 169, 354, 1, 74, 268, 121, 433, 175, 192, 272, 306, 80, 29, 83, 441, 76, 123, 419, 421, 402, 411, 394, 171, 6, 203, 183, 273, 247, 401, 155, 204, 398, 324, 180, 301, 405, 340, 216, 27, 235, 200, 67, 218, 159, 251, 417, 20, 403, 333, 61, 113, 242, 269, 437, 234, 438, 226, 164, 229, 51, 222, 105, 13, 173, 205, 139, 313]
    },
    "solutions": [
        {
            "algorithm_name": "opt-2",
            "path": {
                "length": 56884.10727084491,
                "vertices": [313, 314, 315, 157, 316, 284, 285, 253, 155, 154, 252, 251, 250, 249, 283, 282, 281, 248, 247, 246, 245, 244, 278, 279, 280, 311, 310, 309, 277, 276, 243, 242, 275, 241, 240, 239, 238, 237, 236, 235, 234, 233, 266, 267, 268, 299, 298, 297, 319, 296, 264, 265, 232, 231, 230, 229, 262, 263, 295, 294, 293, 261, 228, 227, 226, 259, 260, 292, 291, 290, 289, 288, 257, 258, 225, 224, 223, 256, 255, 222, 221, 220, 254, 286, 287, 322, 323, 334, 346, 356, 369, 381, 392, 405, 178, 183, 5, 12, 17, 16, 44, 47, 51, 54, 57, 59, 60, 206, 119, 120, 86, 218, 204, 55, 52, 48, 49, 45, 18, 19, 13, 6, 184, 179, 185, 181, 431, 177, 174, 407, 395, 372, 167, 371, 394, 406, 393, 382, 370, 357, 347, 164, 219, 324, 335, 165, 336, 358, 170, 171, 383, 396, 408, 420, 432, 441, 7, 20, 21, 22, 23, 24, 25, 26, 27, 8, 0, 433, 175, 421, 180, 434, 1, 9, 2, 10, 31, 32, 33, 56, 73, 74, 100, 99, 72, 98, 97, 96, 95, 94, 67, 68, 69, 70, 71, 195, 196, 30, 29, 28, 193, 203, 199, 202, 66, 92, 93, 121, 91, 65, 64, 90, 118, 89, 63, 62, 58, 61, 87, 88, 117, 211, 124, 125, 126, 127, 128, 129, 130, 131, 132, 133, 212, 134, 135, 136, 213, 137, 138, 139, 208, 207, 102, 101, 75, 76, 77, 78, 103, 104, 79, 80, 105, 81, 82, 107, 106, 209, 122, 140, 141, 142, 143, 144, 123, 145, 146, 147, 148, 149, 150, 151, 152, 153, 116, 115, 205, 114, 113, 85, 112, 210, 111, 110, 109, 108, 84, 83, 200, 197, 41, 42, 194, 46, 198, 50, 216, 201, 53, 215, 43, 15, 4, 440, 430, 419, 404, 391, 380, 368, 355, 345, 333, 161, 162, 318, 317, 158, 332, 344, 354, 367, 379, 390, 403, 418, 429, 189, 192, 188, 439, 428, 417, 402, 389, 378, 416, 426, 427, 438, 14, 40, 39, 38, 37, 36, 35, 34, 190, 191, 182, 187, 186, 11, 3, 436, 424, 435, 423, 410, 422, 409, 397, 385, 384, 374, 361, 349, 338, 360, 373, 359, 348, 337, 325, 326, 327, 320, 300, 301, 269, 270, 302, 303, 271, 304, 272, 273, 274, 305, 306, 307, 308, 156, 160, 159, 217, 328, 339, 166, 168, 350, 362, 375, 386, 398, 411, 176, 399, 173, 172, 387, 400, 412, 413, 437, 425, 414, 415, 401, 388, 377, 364, 376, 363, 351, 340, 329, 163, 341, 330, 342, 352, 169, 365, 366, 353, 343, 331, 214, 321, 312, 313]
            },
            "time": 274433600
        },
        {
            "algorithm_name": "opt-3",
            "path": {
                "length": 52875.42234050652,
                "vertices": [313, 312, 311, 280, 281, 248, 247, 246, 279, 278, 310, 309, 277, 245, 244, 243, 276, 275, 242, 241, 274, 273, 240, 239, 272, 304, 305, 306, 307, 308, 156, 160, 159, 329, 340, 163, 341, 330, 342, 352, 365, 377, 364, 169, 351, 363, 376, 387, 400, 413, 412, 424, 436, 3, 11, 186, 187, 182, 190, 191, 14, 41, 40, 39, 200, 197, 38, 37, 36, 35, 34, 33, 32, 10, 2, 435, 423, 422, 421, 180, 434, 1, 9, 29, 30, 31, 196, 195, 56, 75, 101, 208, 100, 74, 73, 99, 98, 72, 71, 97, 96, 95, 70, 69, 68, 94, 93, 67, 66, 92, 91, 118, 90, 65, 64, 63, 89, 117, 88, 62, 87, 86, 61, 58, 218, 204, 55, 52, 48, 49, 45, 18, 13, 6, 185, 19, 20, 21, 22, 23, 24, 25, 199, 202, 203, 193, 28, 27, 26, 8, 0, 433, 420, 408, 396, 175, 397, 409, 410, 411, 176, 398, 399, 173, 172, 386, 375, 362, 350, 168, 166, 339, 328, 327, 338, 349, 361, 374, 385, 384, 383, 171, 373, 360, 359, 348, 337, 325, 326, 319, 297, 298, 299, 300, 320, 301, 302, 217, 303, 271, 238, 270, 237, 236, 269, 268, 235, 267, 234, 233, 266, 265, 232, 231, 264, 296, 295, 294, 262, 263, 230, 229, 228, 261, 293, 292, 260, 227, 226, 225, 258, 259, 291, 290, 289, 257, 224, 223, 222, 221, 220, 254, 255, 256, 288, 287, 286, 322, 324, 335, 165, 167, 336, 358, 170, 372, 395, 432, 7, 441, 431, 181, 407, 177, 174, 394, 406, 393, 382, 370, 371, 357, 347, 164, 219, 323, 334, 346, 356, 369, 381, 392, 405, 178, 179, 184, 183, 5, 12, 17, 16, 44, 47, 51, 54, 57, 59, 60, 206, 119, 120, 124, 125, 126, 211, 127, 128, 129, 130, 121, 131, 132, 133, 212, 134, 135, 136, 213, 137, 138, 139, 122, 207, 102, 76, 77, 78, 103, 104, 79, 80, 81, 82, 83, 84, 110, 109, 108, 107, 106, 105, 209, 140, 141, 142, 143, 144, 123, 145, 146, 147, 148, 149, 150, 151, 152, 153, 116, 115, 205, 114, 113, 112, 210, 111, 85, 215, 53, 201, 216, 50, 198, 46, 194, 42, 188, 189, 192, 43, 15, 4, 440, 430, 419, 404, 391, 380, 368, 355, 345, 333, 161, 162, 318, 317, 158, 316, 157, 332, 344, 354, 367, 379, 390, 403, 418, 429, 439, 438, 428, 427, 426, 437, 425, 414, 401, 388, 415, 416, 417, 402, 389, 378, 366, 353, 343, 331, 321, 214, 315, 283, 284, 285, 253, 155, 154, 252, 251, 250, 249, 282, 314, 313]
            },
            "time": 72598523300
        }]
}