{
    "initial_path": {
        "length": 1576136.3716552835,
        "vertices": [34, 138, 219, 86, 204, 212, 161, 113, 102, 21, 95, 146, 31, 15, 100, 68, 52, 105, 110, 156, 36, 14, 114, 72, 142, 174, 153, 155, 7, 101, 194, 220, 44, 139, 154, 27, 18, 208, 88, 137, 39, 184, 193, 80, 223, 46, 2, 210, 206, 158, 191, 55, 224, 190, 74, 61, 0, 56, 121, 87, 10, 77, 43, 65, 162, 37, 45, 119, 171, 81, 178, 205, 58, 144, 108, 24, 215, 13, 71, 177, 159, 66, 141, 22, 103, 53, 185, 197, 120, 90, 131, 42, 47, 134, 150, 54, 198, 188, 181, 85, 160, 123, 135, 169, 136, 196, 217, 91, 202, 48, 109, 93, 11, 30, 63, 166, 183, 116, 122, 187, 148, 20, 25, 173, 57, 92, 62, 104, 128, 140, 23, 1, 130, 98, 60, 126, 213, 111, 170, 167, 222, 4, 203, 12, 151, 179, 209, 38, 132, 152, 33, 200, 6, 216, 201, 176, 129, 165, 199, 94, 96, 89, 195, 106, 69, 145, 124, 149, 163, 17, 221, 112, 84, 175, 164, 50, 73, 67, 189, 79, 51, 78, 133, 125, 32, 182, 107, 157, 172, 192, 3, 83, 117, 75, 218, 28, 97, 180, 49, 115, 99, 214, 118, 29, 168, 147, 82, 127, 35, 207, 70, 186, 41, 16, 211, 8, 19, 5, 143, 26, 64, 59, 40, 76, 9, 34]
    },
    "solutions": [
        {
            "algorithm_name": "opt-2",
            "path": {
                "length": 135841.39223699513,
                "vertices": [34, 33, 137, 136, 135, 134, 133, 132, 131, 130, 129, 128, 127, 126, 125, 124, 123, 122, 121, 120, 119, 118, 117, 116, 115, 114, 113, 13, 14, 15, 16, 17, 138, 38, 39, 40, 41, 42, 163, 164, 63, 64, 65, 66, 67, 192, 191, 190, 189, 188, 88, 89, 90, 91, 92, 213, 214, 215, 216, 217, 218, 219, 97, 96, 220, 221, 222, 223, 224, 0, 1, 2, 102, 101, 100, 99, 98, 201, 202, 203, 204, 205, 103, 104, 105, 106, 107, 3, 4, 5, 6, 7, 8, 9, 10, 11, 12, 112, 111, 110, 109, 108, 212, 211, 87, 86, 85, 84, 83, 187, 186, 185, 184, 183, 210, 209, 208, 207, 206, 82, 81, 80, 79, 78, 182, 181, 180, 179, 178, 177, 176, 175, 73, 74, 75, 76, 77, 200, 199, 198, 197, 196, 195, 95, 94, 93, 193, 194, 72, 71, 70, 69, 68, 168, 167, 166, 165, 139, 140, 141, 142, 143, 144, 22, 21, 20, 19, 18, 146, 145, 43, 44, 45, 46, 47, 169, 170, 171, 172, 173, 174, 52, 51, 50, 49, 48, 150, 149, 148, 147, 23, 24, 25, 26, 27, 151, 152, 153, 154, 28, 29, 30, 31, 32, 156, 155, 57, 56, 55, 54, 53, 157, 158, 159, 160, 161, 62, 61, 60, 59, 58, 162, 37, 36, 35, 34]
            },
            "time": 103938000
        },
        {
            "algorithm_name": "opt-3",
            "path": {
                "length": 132058.80934438336,
                "vertices": [34, 33, 137, 136, 135, 134, 133, 132, 28, 131, 130, 129, 128, 127, 126, 24, 23, 125, 124, 123, 122, 121, 120, 18, 119, 118, 117, 116, 115, 114, 113, 13, 14, 15, 16, 17, 139, 138, 38, 39, 40, 41, 42, 163, 63, 64, 164, 165, 166, 167, 168, 169, 68, 69, 70, 171, 170, 47, 46, 45, 44, 43, 144, 143, 142, 141, 140, 19, 20, 21, 22, 145, 146, 147, 148, 149, 25, 26, 27, 150, 48, 151, 152, 153, 154, 155, 156, 32, 31, 30, 29, 160, 159, 158, 157, 53, 54, 55, 56, 57, 180, 179, 178, 177, 176, 52, 51, 50, 49, 172, 173, 174, 175, 73, 74, 75, 76, 77, 199, 198, 197, 196, 195, 94, 93, 194, 72, 71, 193, 192, 191, 190, 189, 65, 66, 67, 188, 88, 89, 90, 91, 92, 213, 214, 215, 216, 217, 218, 95, 96, 97, 219, 220, 221, 222, 223, 224, 0, 1, 2, 102, 101, 100, 99, 98, 200, 201, 202, 203, 204, 205, 206, 103, 104, 105, 106, 107, 3, 4, 5, 6, 7, 8, 9, 10, 11, 12, 112, 111, 110, 109, 108, 212, 87, 86, 211, 210, 209, 208, 207, 82, 81, 80, 79, 78, 181, 182, 183, 184, 185, 186, 85, 84, 83, 187, 62, 61, 60, 59, 58, 161, 162, 37, 36, 35, 34]
            },
            "time": 7071379500
        }]
}