{
    "initial_path": {
        "length": 591660.2225111554,
        "vertices": [151, 128, 218, 205, 208, 147, 182, 66, 242, 166, 41, 232, 233, 101, 211, 114, 198, 103, 27, 43, 247, 74, 81, 1, 293, 15, 91, 129, 135, 285, 214, 3, 189, 249, 99, 156, 279, 225, 244, 277, 16, 303, 286, 57, 150, 79, 266, 169, 167, 184, 20, 9, 203, 124, 80, 93, 131, 54, 164, 19, 140, 65, 304, 155, 296, 243, 240, 160, 172, 264, 212, 67, 106, 313, 190, 206, 102, 49, 32, 30, 223, 77, 21, 280, 188, 159, 196, 199, 45, 207, 47, 256, 51, 201, 12, 61, 281, 158, 171, 154, 262, 170, 126, 104, 195, 312, 29, 90, 2, 177, 191, 311, 297, 152, 274, 123, 40, 289, 168, 317, 108, 139, 26, 37, 130, 14, 78, 116, 100, 42, 254, 117, 224, 11, 113, 273, 175, 259, 305, 24, 63, 86, 6, 98, 227, 120, 22, 163, 75, 275, 255, 210, 287, 5, 217, 72, 209, 250, 105, 229, 110, 269, 272, 138, 316, 278, 178, 134, 46, 200, 23, 192, 31, 306, 308, 48, 17, 314, 148, 315, 238, 202, 58, 235, 136, 173, 76, 132, 60, 226, 263, 194, 228, 71, 13, 187, 299, 288, 133, 222, 276, 44, 89, 92, 25, 142, 246, 230, 127, 282, 161, 0, 174, 8, 270, 96, 143, 219, 119, 284, 245, 87, 236, 181, 141, 215, 64, 118, 10, 260, 59, 185, 248, 18, 149, 237, 300, 146, 298, 186, 265, 267, 38, 176, 241, 53, 112, 50, 309, 82, 62, 290, 109, 204, 261, 213, 294, 145, 283, 85, 121, 231, 291, 84, 258, 268, 95, 68, 183, 55, 83, 310, 94, 295, 221, 4, 153, 197, 193, 33, 216, 180, 257, 253, 70, 122, 162, 115, 35, 69, 301, 234, 137, 307, 179, 251, 88, 302, 39, 239, 252, 292, 111, 7, 271, 107, 97, 220, 125, 52, 73, 56, 34, 165, 157, 36, 144, 28, 151]
    },
    "solutions": [
        {
            "algorithm_name": "opt-2",
            "path": {
                "length": 49037.05834570306,
                "vertices": [151, 152, 148, 149, 150, 145, 144, 138, 137, 115, 158, 110, 111, 116, 140, 139, 131, 125, 120, 113, 107, 104, 108, 103, 102, 96, 93, 92, 91, 94, 97, 101, 95, 90, 154, 83, 78, 73, 70, 62, 69, 74, 77, 86, 87, 89, 88, 85, 84, 64, 63, 54, 55, 67, 76, 75, 68, 66, 59, 58, 53, 51, 52, 56, 57, 267, 268, 272, 271, 266, 264, 265, 269, 270, 162, 163, 167, 166, 161, 159, 160, 164, 165, 168, 169, 173, 179, 180, 187, 188, 189, 190, 191, 185, 182, 186, 181, 178, 261, 170, 177, 174, 175, 176, 183, 184, 195, 194, 262, 198, 203, 206, 209, 205, 202, 199, 200, 201, 204, 210, 211, 216, 215, 212, 214, 213, 208, 207, 156, 157, 217, 263, 225, 226, 229, 236, 240, 241, 242, 243, 249, 250, 254, 255, 259, 260, 251, 247, 248, 256, 257, 258, 47, 46, 42, 41, 38, 36, 37, 252, 253, 245, 246, 228, 227, 232, 233, 239, 231, 234, 238, 244, 237, 235, 230, 222, 220, 221, 224, 223, 13, 16, 23, 27, 28, 30, 29, 31, 24, 22, 17, 12, 50, 1, 0, 4, 218, 219, 197, 196, 193, 192, 172, 171, 274, 273, 275, 278, 284, 285, 292, 295, 294, 293, 48, 283, 286, 291, 282, 279, 280, 281, 288, 289, 287, 290, 296, 303, 312, 308, 311, 313, 314, 317, 2, 3, 316, 315, 309, 305, 304, 306, 310, 307, 49, 299, 300, 298, 297, 79, 72, 71, 277, 276, 60, 61, 65, 153, 80, 81, 82, 301, 302, 99, 98, 100, 105, 106, 109, 5, 6, 155, 112, 119, 124, 130, 126, 123, 114, 117, 118, 122, 127, 129, 136, 143, 146, 147, 40, 39, 142, 141, 33, 32, 135, 134, 133, 132, 128, 121, 10, 11, 8, 7, 9, 18, 21, 25, 14, 15, 19, 20, 26, 34, 35, 43, 44, 45, 151]
            },
            "time": 137473500
        },
        {
            "algorithm_name": "opt-3",
            "path": {
                "length": 43719.88079386299,
                "vertices": [151, 147, 146, 142, 141, 33, 32, 11, 10, 6, 5, 109, 155, 107, 104, 101, 97, 94, 91, 92, 93, 96, 102, 103, 108, 112, 113, 120, 119, 124, 125, 131, 130, 126, 123, 114, 117, 118, 121, 128, 132, 133, 135, 134, 122, 127, 129, 136, 143, 139, 140, 148, 149, 150, 145, 144, 138, 137, 116, 115, 111, 110, 158, 89, 88, 85, 84, 64, 63, 54, 55, 59, 58, 53, 51, 52, 267, 268, 56, 57, 60, 61, 276, 277, 272, 271, 280, 279, 281, 288, 289, 290, 287, 282, 275, 266, 264, 265, 162, 163, 269, 270, 273, 274, 278, 48, 283, 286, 291, 296, 299, 300, 298, 297, 82, 81, 80, 79, 72, 71, 153, 65, 62, 66, 67, 68, 75, 76, 77, 74, 69, 70, 73, 78, 83, 86, 87, 154, 95, 98, 100, 105, 106, 99, 90, 301, 302, 305, 304, 306, 309, 315, 316, 3, 307, 310, 314, 317, 2, 50, 7, 8, 15, 14, 19, 20, 26, 25, 21, 18, 9, 12, 13, 16, 223, 224, 219, 218, 4, 1, 0, 313, 311, 312, 308, 49, 303, 196, 197, 193, 192, 295, 294, 293, 292, 285, 284, 171, 172, 167, 166, 161, 159, 160, 164, 165, 168, 169, 173, 261, 179, 180, 187, 188, 189, 190, 191, 186, 181, 178, 170, 177, 182, 185, 174, 175, 176, 183, 184, 195, 194, 262, 198, 203, 206, 207, 156, 157, 217, 214, 213, 208, 212, 209, 205, 202, 199, 200, 201, 204, 210, 211, 216, 215, 263, 220, 221, 222, 225, 226, 229, 236, 240, 241, 242, 243, 249, 250, 254, 255, 259, 260, 251, 244, 237, 235, 230, 238, 234, 231, 227, 228, 232, 233, 239, 247, 248, 256, 257, 253, 252, 258, 47, 46, 42, 41, 37, 36, 246, 245, 30, 28, 27, 23, 29, 17, 22, 24, 31, 38, 34, 35, 43, 44, 40, 39, 45, 152, 151]
            },
            "time": 27275718200
        }]
}