{
    "initial_path": {
        "length": 766900.9026935475,
        "vertices": [110, 80, 77, 43, 121, 28, 128, 129, 86, 75, 41, 38, 84, 52, 81, 95, 94, 50, 6, 108, 98, 69, 88, 96, 32, 100, 18, 67, 17, 25, 29, 112, 13, 132, 124, 68, 120, 93, 22, 57, 111, 39, 70, 33, 109, 133, 40, 31, 83, 102, 1, 64, 62, 99, 14, 113, 131, 114, 54, 87, 44, 11, 34, 36, 2, 24, 4, 135, 92, 16, 5, 12, 23, 3, 125, 76, 85, 66, 115, 91, 8, 45, 0, 48, 107, 104, 71, 101, 116, 61, 19, 51, 127, 117, 122, 65, 119, 10, 20, 7, 59, 56, 46, 63, 89, 9, 90, 74, 15, 26, 126, 82, 134, 123, 78, 79, 37, 60, 27, 21, 73, 30, 47, 103, 106, 72, 35, 58, 42, 97, 118, 55, 53, 49, 105, 130, 110]
    },
    "solutions": [
        {
            "algorithm_name": "opt-2",
            "path": {
                "length": 103611.45583296484,
                "vertices": [110, 111, 103, 115, 122, 125, 112, 113, 124, 11, 22, 44, 35, 43, 42, 59, 58, 65, 54, 47, 57, 56, 64, 55, 46, 45, 34, 33, 21, 12, 0, 135, 123, 114, 102, 101, 89, 80, 71, 79, 78, 90, 91, 100, 92, 93, 88, 81, 70, 77, 76, 82, 99, 87, 83, 69, 75, 74, 68, 73, 72, 85, 97, 96, 98, 86, 84, 95, 94, 104, 117, 121, 133, 128, 109, 108, 129, 120, 118, 105, 107, 106, 119, 131, 130, 132, 3, 6, 7, 2, 14, 18, 31, 26, 27, 17, 15, 5, 4, 16, 29, 28, 30, 37, 39, 38, 50, 63, 62, 67, 51, 49, 40, 41, 36, 48, 61, 60, 66, 52, 53, 19, 25, 8, 9, 24, 32, 20, 23, 10, 13, 1, 134, 126, 127, 116, 110]
            },
            "time": 20607600
        },
        {
            "algorithm_name": "opt-3",
            "path": {
                "length": 100984.95863437287,
                "vertices": [110, 116, 19, 31, 18, 14, 2, 7, 26, 27, 17, 15, 6, 129, 120, 118, 108, 109, 128, 133, 121, 117, 104, 99, 87, 83, 69, 75, 94, 95, 86, 84, 74, 68, 73, 72, 85, 97, 96, 98, 105, 107, 106, 119, 131, 130, 132, 3, 5, 4, 16, 29, 28, 30, 37, 39, 38, 50, 63, 62, 67, 61, 51, 49, 40, 41, 60, 66, 52, 48, 36, 53, 59, 42, 43, 35, 47, 54, 58, 65, 57, 44, 45, 56, 64, 55, 46, 34, 33, 22, 23, 13, 20, 32, 24, 25, 8, 9, 1, 10, 11, 21, 12, 0, 135, 123, 114, 102, 101, 89, 80, 71, 79, 78, 70, 77, 76, 82, 93, 92, 100, 88, 81, 91, 90, 112, 113, 124, 125, 134, 122, 115, 103, 111, 126, 127, 110]
            },
            "time": 2045533400
        }]
}