{
    "initial_path": {
        "length": 3441.8139370530716,
        "vertices": [28, 19, 83, 82, 55, 74, 35, 12, 14, 79, 87, 61, 67, 81, 1, 33, 30, 88, 85, 20, 75, 65, 44, 43, 9, 56, 16, 17, 54, 36, 11, 96, 0, 64, 57, 76, 41, 42, 37, 7, 27, 62, 89, 77, 40, 29, 38, 34, 80, 92, 63, 99, 48, 98, 25, 8, 15, 95, 22, 50, 68, 52, 10, 59, 47, 90, 58, 51, 86, 53, 100, 97, 13, 91, 6, 18, 23, 2, 32, 4, 21, 78, 39, 69, 84, 45, 3, 66, 93, 26, 71, 70, 72, 5, 73, 46, 31, 94, 49, 24, 60, 28]
    },
    "solutions": [
        {
            "algorithm_name": "opt-2",
            "path": {
                "length": 687.4472843076728,
                "vertices": [28, 53, 26, 25, 100, 51, 18, 77, 50, 2, 78, 62, 76, 90, 7, 63, 44, 43, 56, 45, 48, 8, 42, 47, 87, 41, 46, 36, 52, 22, 71, 21, 23, 24, 5, 54, 3, 29, 17, 79, 74, 4, 75, 89, 16, 73, 72, 91, 6, 65, 93, 92, 49, 34, 40, 94, 64, 88, 35, 66, 10, 67, 33, 55, 9, 32, 95, 96, 58, 31, 57, 68, 38, 1, 81, 37, 69, 98, 97, 86, 99, 13, 61, 11, 60, 12, 39, 82, 15, 70, 80, 19, 0, 59, 20, 14, 85, 84, 27, 30, 83, 28]
            },
            "time": 15716200
        },
        {
            "algorithm_name": "opt-3",
            "path": {
                "length": 664.213606102912,
                "vertices": [28, 53, 26, 17, 29, 79, 74, 3, 62, 25, 100, 51, 18, 78, 76, 90, 71, 22, 21, 54, 4, 75, 89, 16, 73, 5, 24, 23, 72, 91, 52, 6, 65, 93, 92, 36, 46, 44, 41, 8, 45, 48, 42, 34, 47, 87, 49, 40, 94, 64, 88, 35, 66, 10, 55, 33, 67, 95, 96, 58, 32, 9, 68, 38, 56, 43, 63, 7, 2, 50, 77, 1, 81, 19, 60, 11, 37, 57, 31, 98, 69, 97, 86, 99, 13, 61, 12, 39, 82, 80, 70, 15, 14, 20, 85, 59, 0, 83, 30, 84, 27, 28]
            },
            "time": 637347300
        }]
}