{
    "initial_path": {
        "length": 748800.6711485831,
        "vertices": [153, 66, 111, 289, 204, 189, 254, 126, 201, 200, 134, 57, 263, 145, 232, 54, 147, 56, 290, 159, 117, 131, 279, 256, 75, 49, 61, 60, 166, 125, 206, 168, 226, 162, 236, 59, 85, 297, 114, 233, 167, 17, 13, 191, 71, 62, 81, 176, 182, 260, 198, 1, 282, 177, 227, 83, 92, 27, 86, 188, 210, 88, 87, 257, 250, 251, 252, 216, 269, 2, 283, 194, 104, 142, 243, 249, 77, 43, 281, 103, 197, 270, 91, 218, 42, 96, 37, 135, 246, 157, 110, 14, 222, 107, 29, 63, 259, 229, 202, 298, 28, 235, 174, 4, 120, 133, 155, 205, 294, 211, 273, 217, 164, 0, 262, 156, 242, 137, 183, 84, 213, 101, 55, 203, 224, 58, 30, 149, 139, 247, 241, 140, 158, 21, 146, 121, 193, 214, 15, 90, 163, 291, 169, 127, 16, 19, 26, 180, 108, 94, 20, 136, 285, 72, 219, 287, 9, 122, 40, 228, 35, 109, 105, 129, 239, 89, 7, 240, 80, 175, 10, 271, 115, 165, 53, 258, 124, 3, 95, 12, 280, 220, 248, 93, 51, 284, 150, 190, 25, 266, 255, 225, 181, 48, 154, 138, 160, 67, 238, 209, 52, 268, 119, 231, 293, 187, 196, 41, 130, 39, 179, 33, 50, 267, 274, 64, 221, 223, 31, 244, 184, 97, 277, 152, 46, 148, 38, 171, 151, 6, 24, 69, 170, 208, 286, 264, 44, 99, 74, 128, 123, 295, 34, 275, 253, 78, 98, 106, 178, 5, 173, 230, 79, 272, 18, 296, 144, 73, 23, 141, 278, 11, 132, 82, 118, 47, 288, 172, 195, 8, 185, 186, 22, 212, 36, 161, 261, 65, 112, 76, 192, 199, 276, 245, 237, 292, 102, 68, 113, 265, 45, 234, 116, 70, 207, 32, 143, 100, 215, 153]
    },
    "solutions": [
        {
            "algorithm_name": "opt-2",
            "path": {
                "length": 55080.08447498618,
                "vertices": [153, 150, 294, 295, 293, 242, 241, 163, 237, 239, 234, 165, 168, 169, 230, 233, 249, 250, 248, 247, 232, 244, 245, 246, 288, 243, 236, 235, 240, 238, 290, 289, 11, 9, 8, 291, 292, 7, 64, 6, 5, 4, 3, 297, 296, 298, 0, 1, 2, 148, 146, 147, 144, 145, 65, 143, 142, 140, 141, 139, 138, 137, 67, 63, 62, 68, 66, 136, 135, 69, 71, 72, 70, 59, 10, 61, 60, 58, 57, 74, 73, 54, 55, 76, 75, 77, 149, 79, 81, 132, 133, 130, 134, 131, 128, 129, 125, 126, 80, 83, 82, 127, 124, 85, 84, 48, 18, 17, 47, 86, 123, 122, 88, 87, 91, 90, 89, 121, 119, 120, 93, 92, 97, 96, 94, 95, 43, 46, 44, 45, 20, 19, 41, 42, 40, 38, 100, 101, 99, 98, 118, 117, 116, 115, 114, 112, 109, 108, 107, 104, 110, 111, 113, 105, 102, 103, 36, 106, 35, 34, 33, 32, 31, 30, 269, 268, 266, 264, 263, 204, 205, 203, 202, 201, 200, 199, 198, 197, 196, 193, 265, 267, 271, 270, 274, 273, 275, 25, 28, 37, 39, 23, 24, 277, 22, 21, 29, 26, 27, 276, 272, 262, 260, 261, 207, 210, 259, 258, 257, 255, 256, 214, 254, 213, 211, 208, 209, 206, 188, 195, 194, 190, 192, 189, 191, 186, 187, 185, 184, 181, 180, 179, 183, 182, 212, 215, 217, 216, 218, 219, 253, 279, 280, 15, 16, 51, 49, 50, 78, 53, 52, 14, 13, 12, 56, 287, 286, 283, 284, 285, 282, 281, 278, 252, 227, 225, 226, 221, 222, 223, 220, 178, 177, 176, 175, 174, 173, 224, 229, 251, 231, 228, 171, 172, 170, 167, 166, 164, 162, 161, 160, 159, 158, 157, 156, 154, 155, 151, 152, 153]
            },
            "time": 124118700
        },
        {
            "algorithm_name": "opt-3",
            "path": {
                "length": 49906.751135167964,
                "vertices": [153, 152, 151, 155, 154, 156, 157, 158, 159, 160, 161, 162, 163, 237, 239, 238, 240, 235, 234, 165, 164, 166, 168, 169, 167, 170, 172, 171, 173, 174, 175, 176, 177, 178, 179, 180, 183, 182, 181, 184, 185, 187, 186, 191, 189, 190, 192, 194, 195, 193, 196, 197, 198, 199, 200, 201, 202, 203, 205, 204, 265, 263, 264, 266, 268, 269, 267, 271, 270, 274, 273, 275, 25, 27, 26, 28, 37, 29, 39, 40, 23, 21, 22, 24, 277, 276, 272, 262, 260, 261, 207, 206, 188, 209, 208, 210, 259, 258, 257, 255, 256, 214, 211, 212, 215, 213, 254, 217, 216, 219, 218, 220, 223, 222, 221, 226, 224, 229, 225, 227, 252, 285, 284, 286, 287, 12, 13, 14, 283, 282, 281, 278, 253, 279, 280, 15, 16, 51, 18, 17, 47, 48, 84, 86, 87, 90, 92, 46, 43, 44, 45, 20, 19, 41, 42, 101, 100, 38, 103, 102, 105, 111, 110, 104, 106, 36, 35, 30, 31, 32, 33, 34, 107, 108, 109, 112, 114, 113, 116, 115, 117, 118, 98, 99, 94, 95, 96, 97, 93, 120, 119, 121, 89, 91, 88, 122, 123, 124, 85, 49, 50, 52, 78, 53, 79, 81, 80, 83, 82, 127, 126, 125, 129, 128, 131, 132, 133, 130, 134, 135, 136, 69, 71, 70, 74, 73, 76, 75, 77, 149, 56, 55, 54, 57, 58, 60, 61, 59, 72, 62, 63, 68, 66, 67, 137, 138, 139, 141, 140, 142, 143, 145, 144, 147, 146, 148, 65, 64, 6, 5, 4, 3, 2, 1, 0, 298, 296, 297, 294, 295, 293, 7, 8, 9, 10, 11, 289, 288, 246, 245, 244, 247, 248, 249, 250, 251, 231, 228, 230, 233, 232, 236, 243, 290, 291, 292, 242, 241, 150, 153]
            },
            "time": 22143891200
        }]
}