{
    "initial_path": {
        "length": 493443.9903146742,
        "vertices": [106, 261, 347, 227, 295, 34, 195, 271, 343, 288, 16, 369, 250, 84, 47, 107, 243, 130, 214, 346, 314, 46, 298, 358, 12, 136, 329, 391, 174, 408, 15, 242, 315, 194, 53, 361, 275, 237, 410, 392, 29, 101, 262, 50, 20, 316, 102, 411, 406, 362, 217, 79, 223, 286, 127, 412, 302, 185, 10, 166, 313, 201, 186, 14, 224, 231, 204, 276, 117, 146, 327, 191, 125, 414, 13, 383, 258, 73, 161, 128, 75, 8, 371, 51, 129, 364, 334, 207, 325, 309, 179, 280, 87, 188, 182, 151, 88, 159, 247, 134, 109, 344, 114, 41, 118, 27, 307, 205, 308, 187, 249, 138, 148, 320, 290, 19, 248, 60, 200, 267, 304, 233, 92, 380, 236, 264, 193, 153, 21, 318, 367, 25, 52, 375, 213, 401, 157, 240, 18, 208, 241, 162, 70, 91, 42, 274, 144, 345, 40, 415, 360, 331, 370, 310, 124, 387, 405, 31, 95, 178, 311, 393, 229, 78, 374, 294, 222, 154, 105, 184, 121, 183, 279, 72, 22, 172, 244, 90, 76, 181, 388, 135, 165, 48, 155, 37, 324, 353, 403, 122, 17, 173, 376, 251, 160, 297, 30, 363, 377, 232, 1, 189, 234, 402, 175, 270, 218, 49, 93, 57, 112, 3, 5, 89, 11, 110, 26, 123, 336, 140, 63, 378, 365, 339, 164, 152, 268, 373, 86, 67, 56, 216, 220, 407, 296, 239, 61, 390, 399, 409, 357, 81, 366, 355, 278, 104, 116, 141, 4, 58, 0, 333, 283, 149, 397, 39, 226, 97, 215, 147, 43, 287, 119, 85, 100, 167, 62, 203, 74, 349, 238, 209, 225, 356, 384, 386, 23, 303, 259, 379, 202, 45, 342, 292, 368, 111, 132, 330, 277, 65, 35, 139, 317, 293, 115, 120, 289, 192, 291, 99, 150, 332, 381, 260, 245, 33, 252, 168, 69, 394, 143, 131, 98, 263, 68, 228, 300, 335, 282, 340, 171, 199, 55, 305, 396, 96, 77, 221, 351, 198, 372, 348, 255, 133, 219, 395, 163, 211, 206, 82, 319, 341, 246, 256, 142, 389, 64, 301, 170, 323, 113, 54, 38, 398, 328, 257, 44, 145, 66, 156, 83, 269, 352, 284, 312, 404, 36, 7, 32, 354, 273, 126, 212, 321, 253, 137, 80, 230, 337, 210, 265, 272, 350, 382, 9, 285, 254, 416, 94, 59, 235, 385, 322, 196, 158, 177, 306, 281, 71, 266, 103, 197, 108, 338, 176, 400, 190, 169, 28, 299, 413, 326, 359, 6, 2, 24, 180, 106]
    },
    "solutions": [
        {
            "algorithm_name": "opt-2",
            "path": {
                "length": 13069.966963517192,
                "vertices": [106, 129, 107, 108, 130, 109, 110, 363, 387, 365, 386, 362, 364, 388, 389, 367, 366, 390, 391, 369, 368, 392, 393, 371, 395, 397, 375, 373, 394, 370, 372, 396, 374, 398, 376, 400, 378, 379, 402, 380, 404, 382, 384, 408, 409, 385, 406, 407, 383, 405, 381, 403, 401, 377, 399, 246, 249, 251, 256, 258, 262, 263, 265, 260, 259, 284, 307, 309, 306, 308, 300, 289, 276, 279, 269, 283, 288, 294, 287, 293, 282, 272, 275, 278, 271, 274, 305, 304, 296, 292, 303, 299, 286, 291, 290, 285, 281, 277, 273, 301, 297, 298, 295, 302, 313, 310, 312, 166, 167, 168, 169, 170, 41, 43, 67, 45, 47, 49, 73, 51, 53, 55, 79, 57, 81, 59, 61, 85, 64, 63, 87, 88, 86, 62, 84, 83, 60, 82, 58, 80, 56, 77, 78, 54, 75, 76, 52, 74, 50, 71, 72, 48, 69, 70, 46, 68, 44, 65, 66, 42, 190, 189, 188, 178, 208, 207, 206, 177, 165, 176, 205, 204, 203, 164, 187, 163, 162, 186, 202, 201, 185, 175, 161, 160, 200, 40, 38, 16, 39, 15, 37, 13, 35, 14, 36, 34, 12, 11, 33, 9, 7, 31, 10, 32, 8, 29, 30, 6, 5, 27, 28, 4, 3, 25, 26, 2, 1, 416, 23, 24, 0, 22, 415, 21, 414, 19, 20, 18, 413, 412, 17, 411, 410, 159, 158, 184, 157, 156, 183, 155, 174, 182, 199, 198, 197, 173, 154, 172, 196, 195, 194, 153, 152, 181, 180, 193, 192, 179, 191, 149, 150, 171, 151, 311, 280, 268, 270, 266, 267, 264, 261, 248, 245, 243, 241, 124, 123, 122, 139, 138, 137, 113, 136, 135, 134, 121, 120, 133, 132, 111, 119, 131, 89, 90, 91, 92, 93, 112, 94, 114, 95, 96, 97, 98, 99, 314, 315, 339, 338, 316, 317, 340, 318, 319, 341, 343, 342, 320, 321, 345, 323, 344, 322, 346, 324, 326, 348, 325, 347, 349, 327, 351, 353, 329, 350, 328, 352, 330, 331, 354, 332, 333, 355, 357, 356, 334, 335, 359, 358, 336, 360, 337, 361, 231, 237, 238, 247, 250, 253, 252, 255, 257, 254, 244, 242, 230, 233, 240, 232, 227, 226, 234, 239, 224, 229, 236, 228, 221, 220, 225, 235, 222, 223, 219, 217, 211, 212, 210, 214, 213, 215, 218, 216, 209, 140, 100, 101, 115, 125, 141, 142, 126, 102, 103, 127, 104, 143, 144, 145, 116, 105, 117, 146, 147, 148, 128, 118, 106]
            },
            "time": 201951600
        },
        {
            "algorithm_name": "opt-3",
            "path": {
                "length": 12035.106540942628,
                "vertices": [106, 129, 107, 108, 130, 109, 110, 362, 363, 386, 364, 388, 366, 390, 368, 392, 370, 394, 372, 396, 374, 398, 376, 400, 378, 402, 380, 404, 382, 406, 384, 408, 409, 385, 407, 383, 405, 381, 403, 379, 401, 377, 399, 375, 397, 373, 395, 371, 393, 369, 391, 367, 389, 365, 387, 242, 244, 246, 249, 251, 256, 258, 254, 257, 259, 260, 262, 263, 265, 284, 307, 309, 306, 308, 300, 289, 276, 279, 269, 283, 288, 294, 287, 293, 282, 272, 275, 271, 274, 278, 305, 304, 296, 292, 303, 299, 286, 291, 290, 295, 285, 281, 277, 273, 270, 301, 297, 298, 302, 313, 310, 312, 160, 161, 175, 162, 163, 164, 176, 165, 177, 178, 166, 167, 168, 169, 170, 41, 65, 43, 67, 45, 69, 47, 71, 49, 73, 51, 75, 53, 77, 55, 79, 57, 81, 59, 83, 61, 85, 63, 87, 88, 64, 86, 62, 84, 60, 82, 58, 80, 56, 78, 54, 76, 52, 74, 50, 72, 48, 70, 46, 68, 44, 66, 42, 190, 189, 188, 208, 207, 206, 205, 204, 203, 187, 186, 202, 201, 185, 200, 40, 39, 15, 13, 37, 16, 38, 14, 36, 35, 11, 33, 12, 34, 10, 32, 8, 31, 9, 7, 29, 30, 6, 28, 27, 5, 3, 4, 26, 2, 25, 1, 23, 24, 0, 22, 20, 415, 21, 416, 414, 19, 412, 17, 413, 18, 411, 410, 159, 158, 184, 157, 156, 183, 182, 199, 198, 197, 196, 195, 194, 181, 180, 193, 192, 179, 191, 149, 150, 171, 151, 152, 153, 172, 154, 173, 174, 155, 311, 280, 268, 266, 267, 264, 261, 255, 252, 253, 250, 247, 248, 245, 243, 241, 121, 120, 133, 132, 119, 131, 89, 90, 111, 91, 92, 93, 134, 135, 136, 112, 94, 113, 137, 138, 139, 122, 114, 95, 123, 96, 97, 124, 98, 99, 314, 316, 338, 315, 339, 317, 341, 319, 340, 318, 320, 342, 343, 321, 345, 323, 344, 322, 346, 324, 326, 348, 325, 347, 349, 327, 351, 353, 329, 350, 328, 352, 330, 331, 355, 333, 354, 332, 356, 357, 335, 359, 337, 358, 334, 336, 360, 361, 231, 237, 238, 222, 223, 219, 217, 235, 225, 220, 211, 212, 210, 221, 228, 236, 239, 229, 214, 213, 215, 224, 218, 227, 226, 234, 232, 240, 233, 230, 216, 209, 140, 100, 101, 115, 125, 141, 142, 126, 102, 103, 127, 104, 143, 144, 145, 116, 105, 117, 146, 147, 148, 128, 118, 106]
            },
            "time": 61257822000
        }]
}