{
    "initial_path": {
        "length": 27064.112319167238,
        "vertices": [249, 87, 258, 63, 223, 133, 173, 162, 219, 192, 94, 212, 230, 132, 117, 214, 28, 170, 68, 158, 250, 207, 116, 123, 24, 47, 41, 184, 11, 69, 110, 37, 174, 128, 238, 172, 44, 83, 247, 141, 124, 60, 120, 246, 222, 235, 86, 23, 36, 227, 122, 99, 226, 142, 198, 232, 195, 90, 261, 225, 190, 71, 244, 70, 59, 147, 113, 194, 233, 52, 74, 125, 166, 18, 13, 152, 81, 111, 55, 160, 177, 104, 29, 16, 168, 144, 91, 101, 199, 57, 181, 146, 92, 155, 108, 213, 224, 61, 167, 218, 239, 121, 228, 93, 75, 10, 102, 240, 185, 80, 210, 96, 32, 88, 161, 260, 150, 151, 159, 35, 58, 115, 66, 53, 106, 130, 243, 34, 54, 165, 211, 84, 251, 79, 105, 254, 252, 139, 217, 50, 126, 129, 25, 17, 186, 15, 62, 39, 191, 137, 157, 231, 98, 112, 67, 216, 201, 64, 43, 51, 202, 148, 4, 27, 72, 206, 114, 188, 237, 253, 197, 163, 46, 135, 153, 255, 145, 143, 205, 220, 19, 259, 183, 3, 85, 107, 31, 12, 209, 48, 256, 175, 89, 20, 56, 109, 241, 0, 2, 33, 200, 178, 136, 134, 149, 154, 138, 257, 82, 14, 180, 26, 229, 245, 42, 189, 215, 65, 248, 236, 242, 97, 30, 40, 7, 49, 203, 95, 127, 176, 156, 119, 78, 182, 76, 179, 5, 164, 9, 193, 6, 100, 187, 45, 77, 208, 196, 221, 1, 103, 140, 131, 169, 8, 171, 22, 38, 73, 204, 21, 234, 118, 249]
    },
    "solutions": [
        {
            "algorithm_name": "opt-2",
            "path": {
                "length": 2705.351452307231,
                "vertices": [249, 224, 19, 216, 17, 115, 218, 180, 221, 207, 80, 237, 228, 108, 247, 123, 222, 46, 78, 171, 95, 159, 150, 239, 240, 190, 26, 27, 2, 181, 69, 197, 227, 0, 235, 120, 104, 241, 90, 215, 37, 49, 39, 189, 30, 205, 182, 87, 145, 232, 101, 4, 94, 162, 208, 154, 113, 15, 257, 170, 147, 185, 177, 36, 233, 243, 196, 210, 62, 65, 172, 106, 261, 140, 124, 110, 186, 43, 127, 44, 169, 168, 91, 173, 25, 212, 103, 93, 109, 141, 82, 187, 71, 231, 61, 92, 31, 194, 255, 121, 244, 16, 156, 98, 139, 21, 143, 35, 219, 116, 251, 236, 57, 88, 166, 18, 51, 188, 38, 132, 63, 85, 213, 74, 195, 96, 183, 254, 125, 5, 41, 157, 129, 72, 203, 66, 184, 160, 148, 142, 179, 260, 259, 89, 73, 161, 201, 97, 131, 7, 70, 99, 100, 200, 229, 10, 198, 102, 122, 163, 202, 53, 149, 130, 209, 79, 220, 191, 1, 135, 59, 75, 34, 226, 242, 81, 83, 234, 204, 40, 54, 151, 6, 230, 13, 77, 112, 238, 23, 206, 22, 245, 134, 211, 32, 8, 137, 28, 114, 155, 9, 256, 246, 133, 248, 253, 138, 58, 118, 199, 45, 105, 192, 117, 252, 14, 3, 214, 146, 111, 136, 33, 167, 174, 152, 250, 153, 178, 64, 42, 11, 144, 258, 175, 55, 223, 29, 47, 176, 84, 48, 193, 68, 67, 119, 76, 20, 24, 158, 126, 56, 217, 164, 225, 50, 165, 107, 128, 12, 60, 52, 86, 249]
            },
            "time": 126265400
        },
        {
            "algorithm_name": "opt-3",
            "path": {
                "length": 2519.711072785965,
                "vertices": [249, 165, 128, 107, 86, 52, 60, 12, 24, 20, 119, 76, 114, 155, 9, 256, 246, 83, 234, 204, 40, 8, 32, 137, 28, 158, 50, 225, 164, 217, 56, 126, 134, 211, 54, 151, 6, 163, 102, 122, 77, 230, 13, 245, 22, 206, 23, 238, 112, 229, 200, 100, 10, 198, 99, 70, 7, 131, 97, 201, 161, 73, 89, 259, 260, 191, 220, 79, 179, 142, 1, 135, 209, 202, 53, 149, 130, 59, 160, 148, 5, 125, 254, 183, 96, 41, 157, 129, 184, 72, 66, 203, 75, 34, 226, 242, 81, 138, 58, 118, 63, 132, 38, 85, 213, 74, 195, 88, 166, 51, 188, 18, 57, 236, 251, 116, 219, 35, 143, 21, 139, 98, 156, 16, 244, 121, 231, 61, 255, 194, 92, 31, 199, 45, 105, 192, 117, 25, 212, 103, 71, 187, 261, 82, 141, 109, 93, 91, 173, 252, 168, 110, 186, 124, 140, 106, 172, 65, 62, 210, 243, 233, 196, 36, 177, 185, 43, 127, 147, 154, 170, 257, 113, 69, 208, 162, 197, 181, 15, 27, 2, 26, 190, 240, 171, 78, 239, 150, 95, 159, 227, 0, 39, 49, 37, 182, 87, 205, 30, 189, 94, 4, 44, 101, 145, 232, 169, 214, 14, 3, 253, 248, 133, 146, 111, 136, 167, 33, 90, 215, 235, 46, 222, 123, 120, 241, 174, 67, 152, 250, 104, 153, 258, 178, 64, 42, 11, 144, 228, 247, 108, 237, 80, 175, 55, 223, 29, 47, 68, 193, 48, 84, 176, 221, 207, 180, 218, 115, 17, 216, 19, 224, 249]
            },
            "time": 14983292300
        }]
}