{
    "initial_path": {
        "length": 439072.98999240634,
        "vertices": [138, 134, 149, 23, 122, 106, 123, 11, 61, 27, 142, 54, 100, 37, 18, 103, 24, 7, 43, 71, 74, 86, 157, 128, 99, 29, 0, 110, 56, 112, 140, 77, 32, 21, 154, 156, 98, 94, 158, 125, 117, 14, 30, 85, 67, 66, 57, 124, 132, 116, 90, 40, 101, 49, 63, 26, 4, 95, 108, 80, 152, 79, 15, 1, 146, 120, 92, 105, 45, 102, 22, 38, 48, 17, 104, 13, 96, 52, 84, 6, 72, 5, 113, 87, 82, 89, 35, 131, 41, 137, 76, 107, 60, 121, 28, 151, 75, 33, 127, 42, 9, 118, 58, 34, 8, 83, 50, 91, 65, 93, 119, 114, 44, 53, 12, 111, 55, 88, 47, 68, 126, 2, 115, 147, 36, 51, 31, 155, 135, 20, 70, 81, 3, 150, 19, 59, 10, 148, 143, 69, 109, 97, 139, 62, 78, 141, 64, 136, 73, 144, 145, 46, 130, 25, 153, 129, 39, 16, 133, 138]
    },
    "solutions": [
        {
            "algorithm_name": "opt-2",
            "path": {
                "length": 49308.732994437734,
                "vertices": [138, 139, 140, 141, 143, 144, 145, 146, 147, 148, 149, 150, 151, 157, 158, 0, 1, 2, 3, 4, 5, 6, 17, 18, 19, 7, 16, 15, 20, 21, 22, 23, 24, 25, 26, 27, 13, 12, 11, 10, 14, 8, 9, 156, 155, 152, 153, 154, 129, 128, 127, 126, 125, 124, 119, 118, 120, 121, 122, 123, 39, 40, 41, 42, 43, 34, 35, 36, 37, 38, 28, 29, 30, 31, 32, 33, 44, 49, 50, 52, 54, 53, 51, 48, 47, 45, 46, 78, 77, 76, 81, 79, 80, 82, 83, 84, 85, 73, 72, 86, 87, 88, 89, 91, 90, 66, 67, 68, 71, 74, 75, 70, 69, 65, 64, 63, 92, 93, 94, 95, 96, 62, 61, 59, 60, 58, 57, 56, 55, 117, 115, 116, 114, 113, 112, 111, 97, 101, 102, 103, 104, 105, 106, 107, 100, 99, 98, 110, 109, 108, 135, 137, 136, 134, 131, 130, 132, 133, 142, 138]
            },
            "time": 40651000
        },
        {
            "algorithm_name": "opt-3",
            "path": {
                "length": 44255.938043607566,
                "vertices": [138, 139, 140, 141, 142, 143, 144, 145, 146, 147, 148, 149, 150, 151, 152, 153, 154, 155, 156, 157, 158, 0, 1, 2, 3, 4, 5, 6, 7, 8, 9, 10, 11, 14, 15, 16, 17, 18, 19, 20, 21, 22, 23, 24, 25, 26, 27, 13, 12, 39, 40, 41, 42, 43, 34, 35, 36, 37, 38, 28, 29, 30, 31, 32, 33, 44, 49, 50, 51, 48, 47, 45, 46, 79, 80, 82, 81, 83, 84, 76, 78, 77, 75, 74, 73, 85, 72, 86, 87, 88, 89, 67, 68, 71, 70, 69, 66, 65, 64, 63, 90, 91, 92, 93, 94, 95, 96, 101, 102, 103, 104, 105, 106, 107, 108, 109, 111, 110, 98, 99, 100, 97, 62, 61, 59, 60, 57, 58, 114, 112, 113, 116, 115, 117, 55, 56, 53, 54, 52, 121, 120, 118, 119, 122, 123, 124, 125, 126, 127, 128, 129, 130, 131, 132, 133, 134, 135, 136, 137, 138]
            },
            "time": 3329547800
        }]
}