{
    "initial_path": {
        "length": 1081308.0579329436,
        "vertices": [166, 132, 5, 220, 192, 232, 200, 229, 38, 155, 67, 100, 186, 127, 129, 57, 152, 172, 216, 228, 207, 73, 99, 18, 86, 14, 179, 117, 95, 204, 23, 136, 85, 121, 242, 171, 138, 143, 176, 49, 133, 125, 157, 213, 55, 113, 245, 66, 202, 206, 211, 81, 42, 158, 214, 178, 193, 196, 261, 13, 183, 9, 40, 28, 219, 119, 131, 140, 225, 244, 114, 237, 201, 177, 174, 46, 224, 234, 39, 137, 19, 33, 195, 37, 109, 92, 162, 51, 29, 126, 169, 6, 47, 45, 170, 80, 53, 159, 238, 17, 230, 105, 218, 210, 203, 31, 48, 3, 70, 262, 173, 63, 72, 120, 36, 84, 130, 12, 2, 259, 0, 26, 122, 146, 188, 233, 59, 190, 154, 217, 241, 164, 199, 227, 250, 167, 235, 141, 182, 22, 101, 212, 161, 257, 52, 68, 79, 75, 185, 106, 123, 61, 246, 78, 97, 94, 89, 168, 10, 248, 8, 116, 74, 93, 249, 149, 209, 208, 11, 35, 112, 256, 251, 197, 150, 4, 87, 231, 194, 187, 24, 44, 263, 82, 56, 108, 147, 240, 71, 144, 30, 253, 118, 163, 32, 226, 107, 181, 135, 151, 77, 69, 102, 205, 104, 189, 239, 20, 215, 184, 110, 83, 76, 25, 243, 111, 15, 60, 148, 153, 103, 43, 54, 156, 88, 128, 258, 58, 90, 247, 41, 16, 7, 236, 223, 165, 180, 160, 62, 64, 34, 255, 1, 145, 91, 65, 27, 191, 134, 115, 175, 254, 124, 139, 98, 222, 50, 142, 221, 252, 198, 21, 260, 96, 166]
    },
    "solutions": [
        {
            "algorithm_name": "opt-2",
            "path": {
                "length": 54963.8178619761,
                "vertices": [166, 167, 192, 168, 169, 170, 132, 171, 172, 173, 174, 190, 175, 176, 177, 179, 178, 183, 182, 181, 187, 184, 185, 259, 256, 257, 258, 186, 180, 188, 189, 253, 254, 255, 17, 21, 20, 19, 97, 96, 18, 98, 99, 100, 101, 103, 102, 95, 94, 24, 23, 22, 16, 25, 26, 27, 93, 28, 29, 15, 14, 13, 12, 32, 31, 30, 92, 91, 105, 104, 131, 107, 106, 90, 89, 35, 34, 33, 11, 10, 38, 37, 36, 88, 87, 109, 108, 110, 111, 113, 112, 84, 86, 85, 41, 40, 39, 9, 8, 42, 43, 44, 83, 81, 115, 114, 117, 116, 80, 82, 45, 46, 47, 7, 6, 5, 53, 52, 51, 48, 49, 50, 79, 119, 118, 121, 120, 77, 78, 56, 75, 76, 73, 74, 57, 58, 55, 54, 4, 59, 3, 2, 62, 61, 60, 72, 71, 125, 124, 123, 122, 130, 129, 128, 127, 126, 70, 69, 67, 68, 65, 64, 63, 66, 0, 1, 260, 249, 248, 250, 251, 252, 191, 193, 194, 247, 245, 244, 242, 243, 238, 239, 240, 199, 155, 201, 202, 235, 236, 237, 232, 233, 231, 230, 234, 203, 204, 150, 151, 149, 205, 206, 229, 228, 227, 226, 261, 262, 263, 219, 218, 216, 217, 214, 215, 213, 137, 136, 133, 134, 135, 138, 139, 140, 141, 142, 143, 212, 211, 222, 221, 220, 225, 224, 223, 210, 209, 207, 208, 144, 145, 146, 147, 148, 152, 153, 154, 157, 158, 159, 160, 161, 156, 200, 197, 198, 241, 246, 195, 196, 162, 163, 164, 165, 166]
            },
            "time": 96848100
        },
        {
            "algorithm_name": "opt-3",
            "path": {
                "length": 50756.71253874699,
                "vertices": [166, 165, 164, 163, 160, 159, 158, 157, 156, 200, 199, 240, 239, 238, 237, 236, 235, 202, 201, 155, 154, 153, 152, 151, 150, 204, 203, 234, 233, 232, 231, 230, 229, 206, 205, 149, 148, 147, 146, 145, 144, 208, 207, 228, 227, 226, 223, 224, 225, 220, 221, 222, 211, 212, 210, 209, 143, 142, 141, 140, 139, 138, 136, 135, 134, 133, 137, 213, 214, 215, 216, 217, 218, 219, 263, 262, 261, 2, 62, 61, 64, 63, 1, 0, 66, 68, 67, 127, 126, 70, 69, 65, 60, 72, 71, 125, 124, 128, 129, 130, 122, 123, 73, 74, 57, 58, 59, 3, 4, 54, 55, 56, 75, 76, 120, 121, 118, 119, 77, 78, 51, 52, 53, 5, 49, 48, 6, 7, 47, 46, 45, 82, 50, 79, 80, 116, 117, 114, 115, 81, 113, 112, 84, 83, 44, 43, 42, 8, 9, 39, 40, 41, 85, 86, 110, 111, 108, 109, 87, 88, 36, 37, 38, 10, 11, 33, 34, 35, 89, 90, 106, 107, 131, 104, 105, 91, 92, 30, 31, 32, 12, 13, 14, 15, 29, 28, 93, 27, 26, 25, 16, 22, 23, 24, 94, 95, 102, 103, 100, 99, 101, 96, 97, 98, 18, 19, 20, 21, 17, 259, 256, 257, 258, 186, 185, 184, 187, 181, 182, 183, 178, 179, 180, 188, 189, 253, 254, 255, 177, 176, 175, 190, 174, 173, 172, 171, 132, 170, 169, 168, 192, 191, 252, 251, 250, 260, 249, 248, 245, 244, 243, 242, 241, 198, 197, 161, 162, 196, 195, 246, 247, 194, 193, 167, 166]
            },
            "time": 15233377300
        }]
}